id,firstname,lastname,email,email2,profession,salary
100,Addia,Clywd,Addia.Clywd@yopmail.com,Addia.Clywd@gmail.com,doctor,132.66
101,Ketti,Pearse,Ketti.Pearse@yopmail.com,Ketti.Pearse@gmail.com,developer,150.89
102,Lucille,Kenwood,Lucille.Kenwood@yopmail.com,Lucille.Kenwood@gmail.com,developer,522.25
103,Sibella,Garbe,Sibella.Garbe@yopmail.com,Sibella.Garbe@gmail.com,worker,918.96
104,Marjie,Kiersten,Marjie.Kiersten@yopmail.com,Marjie.Kiersten@gmail.com,doctor,617.83
105,Neila,Fadiman,Neila.Fadiman@yopmail.com,Neila.Fadiman@gmail.com,worker,91.43
106,Ginnie,Billye,Ginnie.Billye@yopmail.com,Ginnie.Billye@gmail.com,developer,208.31
107,Valli,Thar,Valli.Thar@yopmail.com,Valli.Thar@gmail.com,doctor,932.19
108,Ida,Bord,Ida.Bord@yopmail.com,Ida.Bord@gmail.com,developer,685.96
109,Mureil,Zitvaa,Mureil.Zitvaa@yopmail.com,Mureil.Zitvaa@gmail.com,worker,315.35
110,Donnie,Docilla,Donnie.Docilla@yopmail.com,Donnie.Docilla@gmail.com,worker,241.5
111,Margarette,Carmena,Margarette.Carmena@yopmail.com,Margarette.Carmena@gmail.com,firefighter,159.85
112,Rani,Carlson,Rani.Carlson@yopmail.com,Rani.Carlson@gmail.com,police officer,206.25
113,Devina,Glenden,Devina.Glenden@yopmail.com,Devina.Glenden@gmail.com,firefighter,129.33
114,Mary,Greenwald,Mary.Greenwald@yopmail.com,Mary.Greenwald@gmail.com,worker,571.49
115,Deirdre,Gaulin,Deirdre.Gaulin@yopmail.com,Deirdre.Gaulin@gmail.com,worker,683.19
116,Adelle,Cornelia,Adelle.Cornelia@yopmail.com,Adelle.Cornelia@gmail.com,doctor,547.7
117,Concettina,Montgomery,Concettina.Montgomery@yopmail.com,Concettina.Montgomery@gmail.com,firefighter,90.93
118,Helsa,Eugenia,Helsa.Eugenia@yopmail.com,Helsa.Eugenia@gmail.com,worker,761.78
119,Fanchon,Florina,Fanchon.Florina@yopmail.com,Fanchon.Florina@gmail.com,developer,466.95
120,Courtnay,Egbert,Courtnay.Egbert@yopmail.com,Courtnay.Egbert@gmail.com,police officer,57.51
121,Celestyna,Pip,Celestyna.Pip@yopmail.com,Celestyna.Pip@gmail.com,police officer,701.84
122,Lynea,Kauppi,Lynea.Kauppi@yopmail.com,Lynea.Kauppi@gmail.com,police officer,683.85
123,Drucie,Faria,Drucie.Faria@yopmail.com,Drucie.Faria@gmail.com,developer,382.01
124,Louella,Rustice,Louella.Rustice@yopmail.com,Louella.Rustice@gmail.com,police officer,269.62
125,Alleen,Naor,Alleen.Naor@yopmail.com,Alleen.Naor@gmail.com,worker,830.75
126,Bee,Heidt,Bee.Heidt@yopmail.com,Bee.Heidt@gmail.com,worker,32.61
127,Ira,Oneida,Ira.Oneida@yopmail.com,Ira.Oneida@gmail.com,firefighter,439.21
128,Raina,Obed,Raina.Obed@yopmail.com,Raina.Obed@gmail.com,developer,171.26
129,Kristina,Gamaliel,Kristina.Gamaliel@yopmail.com,Kristina.Gamaliel@gmail.com,worker,919.46
130,Mary,Bari,Mary.Bari@yopmail.com,Mary.Bari@gmail.com,police officer,741.59
131,Gwenneth,Desai,Gwenneth.Desai@yopmail.com,Gwenneth.Desai@gmail.com,developer,332.43
132,Maurene,Latini,Maurene.Latini@yopmail.com,Maurene.Latini@gmail.com,firefighter,326.24
133,Selia,Larochelle,Selia.Larochelle@yopmail.com,Selia.Larochelle@gmail.com,developer,690.21
134,Merle,Stover,Merle.Stover@yopmail.com,Merle.Stover@gmail.com,doctor,428.63
135,Jaime,Tryck,Jaime.Tryck@yopmail.com,Jaime.Tryck@gmail.com,doctor,598.01
136,Jasmina,Jorgan,Jasmina.Jorgan@yopmail.com,Jasmina.Jorgan@gmail.com,doctor,144.9
137,Robbi,Elisha,Robbi.Elisha@yopmail.com,Robbi.Elisha@gmail.com,police officer,140.04
138,Julieta,Jehu,Julieta.Jehu@yopmail.com,Julieta.Jehu@gmail.com,police officer,514.24
139,Deirdre,Clie,Deirdre.Clie@yopmail.com,Deirdre.Clie@gmail.com,developer,767.33
140,Violet,Felizio,Violet.Felizio@yopmail.com,Violet.Felizio@gmail.com,developer,435.21
141,Priscilla,Buffum,Priscilla.Buffum@yopmail.com,Priscilla.Buffum@gmail.com,firefighter,355.24
142,Marita,Joni,Marita.Joni@yopmail.com,Marita.Joni@gmail.com,developer,245.92
143,Britni,Valerio,Britni.Valerio@yopmail.com,Britni.Valerio@gmail.com,developer,849.13
144,Konstance,Hartnett,Konstance.Hartnett@yopmail.com,Konstance.Hartnett@gmail.com,worker,729.94
145,Rubie,Nunci,Rubie.Nunci@yopmail.com,Rubie.Nunci@gmail.com,firefighter,605.53
146,Paule,Kalinda,Paule.Kalinda@yopmail.com,Paule.Kalinda@gmail.com,doctor,379.88
147,Modestia,Swigart,Modestia.Swigart@yopmail.com,Modestia.Swigart@gmail.com,police officer,343.48
148,Jessamyn,Olympium,Jessamyn.Olympium@yopmail.com,Jessamyn.Olympium@gmail.com,worker,290.07
149,Perry,Estella,Perry.Estella@yopmail.com,Perry.Estella@gmail.com,developer,691.39
150,Lyssa,Korey,Lyssa.Korey@yopmail.com,Lyssa.Korey@gmail.com,developer,68.74
151,Oona,Joeann,Oona.Joeann@yopmail.com,Oona.Joeann@gmail.com,police officer,118.62
152,Antonietta,Solitta,Antonietta.Solitta@yopmail.com,Antonietta.Solitta@gmail.com,developer,356.42
153,Blake,Hoenack,Blake.Hoenack@yopmail.com,Blake.Hoenack@gmail.com,worker,860.45
154,Susette,Whittaker,Susette.Whittaker@yopmail.com,Susette.Whittaker@gmail.com,developer,436.64
155,Edith,Kelula,Edith.Kelula@yopmail.com,Edith.Kelula@gmail.com,developer,153.19
156,Zia,Romelda,Zia.Romelda@yopmail.com,Zia.Romelda@gmail.com,police officer,995.52
157,Gretal,Oster,Gretal.Oster@yopmail.com,Gretal.Oster@gmail.com,worker,325.49
158,Sophia,Penelopa,Sophia.Penelopa@yopmail.com,Sophia.Penelopa@gmail.com,firefighter,583.01
159,Kamilah,Weaks,Kamilah.Weaks@yopmail.com,Kamilah.Weaks@gmail.com,developer,787
160,Maurene,Gaynor,Maurene.Gaynor@yopmail.com,Maurene.Gaynor@gmail.com,developer,674.87
161,Fayre,Adamsen,Fayre.Adamsen@yopmail.com,Fayre.Adamsen@gmail.com,firefighter,534.67
162,Phylis,Hourigan,Phylis.Hourigan@yopmail.com,Phylis.Hourigan@gmail.com,police officer,516.48
163,Kerrin,Payson,Kerrin.Payson@yopmail.com,Kerrin.Payson@gmail.com,police officer,349.31
164,Vere,Anis,Vere.Anis@yopmail.com,Vere.Anis@gmail.com,worker,414.41
165,Ardys,Moseley,Ardys.Moseley@yopmail.com,Ardys.Moseley@gmail.com,developer,657.75
166,Taffy,Genna,Taffy.Genna@yopmail.com,Taffy.Genna@gmail.com,firefighter,175.05
167,Myrtice,Larochelle,Myrtice.Larochelle@yopmail.com,Myrtice.Larochelle@gmail.com,worker,363.21
168,Eadie,Evangelia,Eadie.Evangelia@yopmail.com,Eadie.Evangelia@gmail.com,police officer,344.16
169,Cherrita,Fink,Cherrita.Fink@yopmail.com,Cherrita.Fink@gmail.com,doctor,349.44
170,Laurene,Darrell,Laurene.Darrell@yopmail.com,Laurene.Darrell@gmail.com,worker,228.59
171,Vanessa,Ade,Vanessa.Ade@yopmail.com,Vanessa.Ade@gmail.com,police officer,260.83
172,Kayla,Deny,Kayla.Deny@yopmail.com,Kayla.Deny@gmail.com,police officer,123.4
173,Sidoney,Alarise,Sidoney.Alarise@yopmail.com,Sidoney.Alarise@gmail.com,police officer,458.02
174,Kayla,Anton,Kayla.Anton@yopmail.com,Kayla.Anton@gmail.com,worker,698.99
175,Keelia,Strephon,Keelia.Strephon@yopmail.com,Keelia.Strephon@gmail.com,police officer,649.32
176,Dulcinea,Jess,Dulcinea.Jess@yopmail.com,Dulcinea.Jess@gmail.com,firefighter,109.51
177,Bettine,Greenwald,Bettine.Greenwald@yopmail.com,Bettine.Greenwald@gmail.com,firefighter,817.54
178,Tarra,Verger,Tarra.Verger@yopmail.com,Tarra.Verger@gmail.com,police officer,716.27
179,Lizzie,Oster,Lizzie.Oster@yopmail.com,Lizzie.Oster@gmail.com,doctor,519.94
180,Florencia,Schwejda,Florencia.Schwejda@yopmail.com,Florencia.Schwejda@gmail.com,worker,570.16
181,Max,Blake,Max.Blake@yopmail.com,Max.Blake@gmail.com,worker,115.68
182,Ketti,Warthman,Ketti.Warthman@yopmail.com,Ketti.Warthman@gmail.com,developer,583.6
183,Misha,Sekofski,Misha.Sekofski@yopmail.com,Misha.Sekofski@gmail.com,worker,15.65
184,Dari,Leary,Dari.Leary@yopmail.com,Dari.Leary@gmail.com,worker,568.04
185,Olwen,Baptlsta,Olwen.Baptlsta@yopmail.com,Olwen.Baptlsta@gmail.com,developer,810.76
186,Drucie,Wareing,Drucie.Wareing@yopmail.com,Drucie.Wareing@gmail.com,doctor,804.01
187,Britni,Edison,Britni.Edison@yopmail.com,Britni.Edison@gmail.com,doctor,258.8
188,Siana,Joseph,Siana.Joseph@yopmail.com,Siana.Joseph@gmail.com,police officer,923.21
189,Lexine,Delila,Lexine.Delila@yopmail.com,Lexine.Delila@gmail.com,police officer,112.83
190,Annaliese,MacIntosh,Annaliese.MacIntosh@yopmail.com,Annaliese.MacIntosh@gmail.com,firefighter,812.01
191,Ernesta,Candy,Ernesta.Candy@yopmail.com,Ernesta.Candy@gmail.com,police officer,865.38
192,Delilah,Sekofski,Delilah.Sekofski@yopmail.com,Delilah.Sekofski@gmail.com,developer,330.75
193,Myriam,Hewitt,Myriam.Hewitt@yopmail.com,Myriam.Hewitt@gmail.com,doctor,768.77
194,Betta,Beniamino,Betta.Beniamino@yopmail.com,Betta.Beniamino@gmail.com,police officer,857.15
195,Cyndie,Vins,Cyndie.Vins@yopmail.com,Cyndie.Vins@gmail.com,developer,569.64
196,Chickie,Waldron,Chickie.Waldron@yopmail.com,Chickie.Waldron@gmail.com,firefighter,862.42
197,Mignon,Jalbert,Mignon.Jalbert@yopmail.com,Mignon.Jalbert@gmail.com,worker,751.26
198,Lucille,Kevon,Lucille.Kevon@yopmail.com,Lucille.Kevon@gmail.com,police officer,397.11
199,Rhea,Hermes,Rhea.Hermes@yopmail.com,Rhea.Hermes@gmail.com,firefighter,915.44
200,Marinna,Stevy,Marinna.Stevy@yopmail.com,Marinna.Stevy@gmail.com,doctor,820.56
201,Claudina,Sharl,Claudina.Sharl@yopmail.com,Claudina.Sharl@gmail.com,worker,407.59
202,Laure,Lewes,Laure.Lewes@yopmail.com,Laure.Lewes@gmail.com,firefighter,486.7
203,Vanessa,Cristi,Vanessa.Cristi@yopmail.com,Vanessa.Cristi@gmail.com,doctor,360.71
204,Selia,Bibi,Selia.Bibi@yopmail.com,Selia.Bibi@gmail.com,developer,994.09
205,Henriette,Tamsky,Henriette.Tamsky@yopmail.com,Henriette.Tamsky@gmail.com,doctor,536.14
206,Jany,Lutero,Jany.Lutero@yopmail.com,Jany.Lutero@gmail.com,police officer,852.55
207,Tonia,Ezar,Tonia.Ezar@yopmail.com,Tonia.Ezar@gmail.com,doctor,377.17
208,Adore,Reneta,Adore.Reneta@yopmail.com,Adore.Reneta@gmail.com,doctor,187.47
209,Kate,Kermit,Kate.Kermit@yopmail.com,Kate.Kermit@gmail.com,police officer,490.61
210,Carol-Jean,Ashok,Carol-Jean.Ashok@yopmail.com,Carol-Jean.Ashok@gmail.com,doctor,187.86
211,Barbara,Sadowski,Barbara.Sadowski@yopmail.com,Barbara.Sadowski@gmail.com,police officer,401.17
212,Gerrie,Seagraves,Gerrie.Seagraves@yopmail.com,Gerrie.Seagraves@gmail.com,doctor,406.27
213,Binny,Desai,Binny.Desai@yopmail.com,Binny.Desai@gmail.com,doctor,757.41
214,Angelique,Loeb,Angelique.Loeb@yopmail.com,Angelique.Loeb@gmail.com,police officer,138.53
215,Corina,Rona,Corina.Rona@yopmail.com,Corina.Rona@gmail.com,worker,694.04
216,Verla,Douglass,Verla.Douglass@yopmail.com,Verla.Douglass@gmail.com,worker,548.11
217,Jsandye,Eugenia,Jsandye.Eugenia@yopmail.com,Jsandye.Eugenia@gmail.com,doctor,392.45
218,Lorenza,Bahr,Lorenza.Bahr@yopmail.com,Lorenza.Bahr@gmail.com,firefighter,579.82
219,Nananne,Granoff,Nananne.Granoff@yopmail.com,Nananne.Granoff@gmail.com,worker,623.37
220,Karlee,Haymes,Karlee.Haymes@yopmail.com,Karlee.Haymes@gmail.com,developer,228.28
221,Nananne,Standing,Nananne.Standing@yopmail.com,Nananne.Standing@gmail.com,worker,399.98
222,Annice,Ade,Annice.Ade@yopmail.com,Annice.Ade@gmail.com,firefighter,64.94
223,Jolyn,Dorothy,Jolyn.Dorothy@yopmail.com,Jolyn.Dorothy@gmail.com,firefighter,926.96
224,Lorenza,Gino,Lorenza.Gino@yopmail.com,Lorenza.Gino@gmail.com,developer,466
225,Janis,Birdella,Janis.Birdella@yopmail.com,Janis.Birdella@gmail.com,doctor,286.93
226,Louella,Madaih,Louella.Madaih@yopmail.com,Louella.Madaih@gmail.com,developer,87.08
227,Grier,Corrine,Grier.Corrine@yopmail.com,Grier.Corrine@gmail.com,firefighter,221.49
228,Millie,Caitlin,Millie.Caitlin@yopmail.com,Millie.Caitlin@gmail.com,firefighter,872.13
229,Margarette,Robertson,Margarette.Robertson@yopmail.com,Margarette.Robertson@gmail.com,worker,945.79
230,Ida,Adrienne,Ida.Adrienne@yopmail.com,Ida.Adrienne@gmail.com,police officer,253.5
231,Beatriz,Rolf,Beatriz.Rolf@yopmail.com,Beatriz.Rolf@gmail.com,police officer,227.03
232,Tori,Marden,Tori.Marden@yopmail.com,Tori.Marden@gmail.com,developer,825.66
233,Annaliese,Sothena,Annaliese.Sothena@yopmail.com,Annaliese.Sothena@gmail.com,worker,801.47
234,Dode,Creamer,Dode.Creamer@yopmail.com,Dode.Creamer@gmail.com,developer,640.59
235,Dominga,Christine,Dominga.Christine@yopmail.com,Dominga.Christine@gmail.com,developer,821.57
236,Katuscha,Ricarda,Katuscha.Ricarda@yopmail.com,Katuscha.Ricarda@gmail.com,firefighter,698.95
237,Priscilla,Ralfston,Priscilla.Ralfston@yopmail.com,Priscilla.Ralfston@gmail.com,worker,890.51
238,Rebeca,Hathaway,Rebeca.Hathaway@yopmail.com,Rebeca.Hathaway@gmail.com,worker,88.6
239,Atlanta,Schwejda,Atlanta.Schwejda@yopmail.com,Atlanta.Schwejda@gmail.com,doctor,345.54
240,Carly,Carolin,Carly.Carolin@yopmail.com,Carly.Carolin@gmail.com,police officer,60.4
241,Addia,Rese,Addia.Rese@yopmail.com,Addia.Rese@gmail.com,police officer,433.38
242,Annabela,Georas,Annabela.Georas@yopmail.com,Annabela.Georas@gmail.com,firefighter,627.24
243,Betta,Deny,Betta.Deny@yopmail.com,Betta.Deny@gmail.com,firefighter,10.77
244,Felice,Baptlsta,Felice.Baptlsta@yopmail.com,Felice.Baptlsta@gmail.com,worker,180.82
245,Alyssa,Dom,Alyssa.Dom@yopmail.com,Alyssa.Dom@gmail.com,worker,911.48
246,Arabel,Etom,Arabel.Etom@yopmail.com,Arabel.Etom@gmail.com,developer,841.92
247,Sara-Ann,Ralfston,Sara-Ann.Ralfston@yopmail.com,Sara-Ann.Ralfston@gmail.com,doctor,999.67
248,Vevay,Romelda,Vevay.Romelda@yopmail.com,Vevay.Romelda@gmail.com,firefighter,235.69
249,Mariele,Bergman,Mariele.Bergman@yopmail.com,Mariele.Bergman@gmail.com,doctor,848.52
250,Jillayne,Clarissa,Jillayne.Clarissa@yopmail.com,Jillayne.Clarissa@gmail.com,firefighter,844.34
251,Monika,Phaidra,Monika.Phaidra@yopmail.com,Monika.Phaidra@gmail.com,firefighter,233.31
252,Amalie,Aaberg,Amalie.Aaberg@yopmail.com,Amalie.Aaberg@gmail.com,developer,151.35
253,Aeriela,Halsey,Aeriela.Halsey@yopmail.com,Aeriela.Halsey@gmail.com,worker,115.99
254,Evaleen,Federica,Evaleen.Federica@yopmail.com,Evaleen.Federica@gmail.com,doctor,24.68
255,Darci,Dreda,Darci.Dreda@yopmail.com,Darci.Dreda@gmail.com,police officer,835.68
256,Nataline,Gavrila,Nataline.Gavrila@yopmail.com,Nataline.Gavrila@gmail.com,police officer,596.78
257,June,Rozanna,June.Rozanna@yopmail.com,June.Rozanna@gmail.com,firefighter,285.81
258,Lisette,Gower,Lisette.Gower@yopmail.com,Lisette.Gower@gmail.com,police officer,146.43
259,Mathilda,Roumell,Mathilda.Roumell@yopmail.com,Mathilda.Roumell@gmail.com,doctor,68.52
260,Kamilah,Ogren,Kamilah.Ogren@yopmail.com,Kamilah.Ogren@gmail.com,worker,532.8
261,Bernardine,Serilda,Bernardine.Serilda@yopmail.com,Bernardine.Serilda@gmail.com,developer,168.38
262,Devina,Phaidra,Devina.Phaidra@yopmail.com,Devina.Phaidra@gmail.com,firefighter,202.07
263,Regina,Alarise,Regina.Alarise@yopmail.com,Regina.Alarise@gmail.com,firefighter,1000.28
264,Priscilla,Odysseus,Priscilla.Odysseus@yopmail.com,Priscilla.Odysseus@gmail.com,police officer,919
265,Merry,Toor,Merry.Toor@yopmail.com,Merry.Toor@gmail.com,firefighter,115.83
266,Mireielle,Carolin,Mireielle.Carolin@yopmail.com,Mireielle.Carolin@gmail.com,doctor,472.71
267,Ezmeralda,Kaja,Ezmeralda.Kaja@yopmail.com,Ezmeralda.Kaja@gmail.com,worker,540.7
268,Clo,Rheingold,Clo.Rheingold@yopmail.com,Clo.Rheingold@gmail.com,developer,91.92
269,Korrie,Ries,Korrie.Ries@yopmail.com,Korrie.Ries@gmail.com,worker,527.41
270,Kaja,Sibyls,Kaja.Sibyls@yopmail.com,Kaja.Sibyls@gmail.com,worker,8.76
271,Gavrielle,Rustice,Gavrielle.Rustice@yopmail.com,Gavrielle.Rustice@gmail.com,firefighter,866.96
272,Rhoda,Daniele,Rhoda.Daniele@yopmail.com,Rhoda.Daniele@gmail.com,developer,747.94
273,Mathilda,Michella,Mathilda.Michella@yopmail.com,Mathilda.Michella@gmail.com,developer,647.48
274,Mahalia,Lareena,Mahalia.Lareena@yopmail.com,Mahalia.Lareena@gmail.com,worker,150.47
275,Eve,Cristi,Eve.Cristi@yopmail.com,Eve.Cristi@gmail.com,police officer,734.96
276,Abbie,Koziara,Abbie.Koziara@yopmail.com,Abbie.Koziara@gmail.com,firefighter,654.97
277,Marjie,Goddard,Marjie.Goddard@yopmail.com,Marjie.Goddard@gmail.com,police officer,549.12
278,Hannis,Aida,Hannis.Aida@yopmail.com,Hannis.Aida@gmail.com,worker,71.31
279,Keelia,Auberbach,Keelia.Auberbach@yopmail.com,Keelia.Auberbach@gmail.com,firefighter,345.82
280,Lynde,Wenda,Lynde.Wenda@yopmail.com,Lynde.Wenda@gmail.com,developer,416.15
281,Joeann,Harday,Joeann.Harday@yopmail.com,Joeann.Harday@gmail.com,worker,860.05
282,Consuela,Celestine,Consuela.Celestine@yopmail.com,Consuela.Celestine@gmail.com,doctor,819.91
283,Shannah,Durware,Shannah.Durware@yopmail.com,Shannah.Durware@gmail.com,developer,511.16
284,Annabela,Bendick,Annabela.Bendick@yopmail.com,Annabela.Bendick@gmail.com,developer,883.78
285,Frank,Screens,Frank.Screens@yopmail.com,Frank.Screens@gmail.com,worker,209.84
286,Consuela,Elisha,Consuela.Elisha@yopmail.com,Consuela.Elisha@gmail.com,firefighter,73.77
287,Lyssa,Geffner,Lyssa.Geffner@yopmail.com,Lyssa.Geffner@gmail.com,developer,14.26
288,Mallory,Tremayne,Mallory.Tremayne@yopmail.com,Mallory.Tremayne@gmail.com,police officer,991.41
289,Micheline,Boycey,Micheline.Boycey@yopmail.com,Micheline.Boycey@gmail.com,doctor,931.8
290,Kimberley,Grayce,Kimberley.Grayce@yopmail.com,Kimberley.Grayce@gmail.com,firefighter,781.57
291,Carree,Cullin,Carree.Cullin@yopmail.com,Carree.Cullin@gmail.com,worker,373.72
292,Mellicent,Maiah,Mellicent.Maiah@yopmail.com,Mellicent.Maiah@gmail.com,firefighter,238.96
293,Dorice,Bennie,Dorice.Bennie@yopmail.com,Dorice.Bennie@gmail.com,worker,911.22
294,Dulce,Kirstin,Dulce.Kirstin@yopmail.com,Dulce.Kirstin@gmail.com,doctor,145.02
295,Kial,Ferino,Kial.Ferino@yopmail.com,Kial.Ferino@gmail.com,firefighter,405.21
296,Sherrie,Hubert,Sherrie.Hubert@yopmail.com,Sherrie.Hubert@gmail.com,police officer,587.25
297,Henriette,Daniele,Henriette.Daniele@yopmail.com,Henriette.Daniele@gmail.com,firefighter,215.62
298,Jenilee,Bury,Jenilee.Bury@yopmail.com,Jenilee.Bury@gmail.com,firefighter,172.32
299,Judy,Raimondo,Judy.Raimondo@yopmail.com,Judy.Raimondo@gmail.com,doctor,843.04
300,Annaliese,Tillford,Annaliese.Tillford@yopmail.com,Annaliese.Tillford@gmail.com,firefighter,126.08
301,Emelina,Fink,Emelina.Fink@yopmail.com,Emelina.Fink@gmail.com,worker,391.65
302,Priscilla,Persse,Priscilla.Persse@yopmail.com,Priscilla.Persse@gmail.com,firefighter,873.19
303,Jere,Glovsky,Jere.Glovsky@yopmail.com,Jere.Glovsky@gmail.com,developer,516.71
304,Kenna,Ruvolo,Kenna.Ruvolo@yopmail.com,Kenna.Ruvolo@gmail.com,worker,916.11
305,Roxane,Deegan,Roxane.Deegan@yopmail.com,Roxane.Deegan@gmail.com,worker,571.07
306,Celisse,Verger,Celisse.Verger@yopmail.com,Celisse.Verger@gmail.com,police officer,154.71
307,Deedee,Iaverne,Deedee.Iaverne@yopmail.com,Deedee.Iaverne@gmail.com,police officer,350.07
308,Collen,Lory,Collen.Lory@yopmail.com,Collen.Lory@gmail.com,worker,961.96
309,Coral,Shama,Coral.Shama@yopmail.com,Coral.Shama@gmail.com,doctor,199.72
310,Tamqrah,Lowry,Tamqrah.Lowry@yopmail.com,Tamqrah.Lowry@gmail.com,police officer,974.03
311,Gabi,Fry,Gabi.Fry@yopmail.com,Gabi.Fry@gmail.com,developer,692.61
312,Brana,Marcellus,Brana.Marcellus@yopmail.com,Brana.Marcellus@gmail.com,firefighter,973.28
313,Annaliese,Taam,Annaliese.Taam@yopmail.com,Annaliese.Taam@gmail.com,developer,371.64
314,Merci,Macey,Merci.Macey@yopmail.com,Merci.Macey@gmail.com,firefighter,490.18
315,Babita,Esmaria,Babita.Esmaria@yopmail.com,Babita.Esmaria@gmail.com,doctor,787.12
316,Asia,Tyson,Asia.Tyson@yopmail.com,Asia.Tyson@gmail.com,firefighter,770.86
317,Maryellen,Anderea,Maryellen.Anderea@yopmail.com,Maryellen.Anderea@gmail.com,doctor,660.89
318,Paulita,Dahlia,Paulita.Dahlia@yopmail.com,Paulita.Dahlia@gmail.com,police officer,518.63
319,Latisha,Bigner,Latisha.Bigner@yopmail.com,Latisha.Bigner@gmail.com,worker,906.91
320,Kerrin,Dyche,Kerrin.Dyche@yopmail.com,Kerrin.Dyche@gmail.com,police officer,309.01
321,Liana,Willie,Liana.Willie@yopmail.com,Liana.Willie@gmail.com,police officer,250.34
322,Rosaline,Gerge,Rosaline.Gerge@yopmail.com,Rosaline.Gerge@gmail.com,police officer,813.05
323,Courtnay,Kauppi,Courtnay.Kauppi@yopmail.com,Courtnay.Kauppi@gmail.com,doctor,244.1
324,Sashenka,Dunkin,Sashenka.Dunkin@yopmail.com,Sashenka.Dunkin@gmail.com,worker,676.4
325,Alameda,Kalinda,Alameda.Kalinda@yopmail.com,Alameda.Kalinda@gmail.com,doctor,714.23
326,Andeee,Elephus,Andeee.Elephus@yopmail.com,Andeee.Elephus@gmail.com,doctor,943.26
327,Noelle,Lane,Noelle.Lane@yopmail.com,Noelle.Lane@gmail.com,developer,320.38
328,Maurene,Allina,Maurene.Allina@yopmail.com,Maurene.Allina@gmail.com,worker,741
329,Zaria,Cimbura,Zaria.Cimbura@yopmail.com,Zaria.Cimbura@gmail.com,police officer,729.07
330,Chandra,Lorain,Chandra.Lorain@yopmail.com,Chandra.Lorain@gmail.com,worker,677.18
331,Cacilie,Erlandson,Cacilie.Erlandson@yopmail.com,Cacilie.Erlandson@gmail.com,worker,713.06
332,Alejandra,Federica,Alejandra.Federica@yopmail.com,Alejandra.Federica@gmail.com,doctor,99.89
333,Flory,Lareena,Flory.Lareena@yopmail.com,Flory.Lareena@gmail.com,developer,686.7
334,Esmeralda,Kesley,Esmeralda.Kesley@yopmail.com,Esmeralda.Kesley@gmail.com,police officer,719.28
335,Nadine,Arquit,Nadine.Arquit@yopmail.com,Nadine.Arquit@gmail.com,developer,169.83
336,Konstance,Anestassia,Konstance.Anestassia@yopmail.com,Konstance.Anestassia@gmail.com,firefighter,956.42
337,Jackie,Lilybelle,Jackie.Lilybelle@yopmail.com,Jackie.Lilybelle@gmail.com,developer,244.22
338,Lyssa,Merna,Lyssa.Merna@yopmail.com,Lyssa.Merna@gmail.com,worker,592.57
339,Kellen,Danby,Kellen.Danby@yopmail.com,Kellen.Danby@gmail.com,worker,306.22
340,Jorry,Hartnett,Jorry.Hartnett@yopmail.com,Jorry.Hartnett@gmail.com,developer,81.04
341,Neila,Carleen,Neila.Carleen@yopmail.com,Neila.Carleen@gmail.com,developer,970.46
342,Jolyn,Rodmann,Jolyn.Rodmann@yopmail.com,Jolyn.Rodmann@gmail.com,doctor,159.46
343,Janis,Greyson,Janis.Greyson@yopmail.com,Janis.Greyson@gmail.com,firefighter,104.14
344,Elfreda,Aida,Elfreda.Aida@yopmail.com,Elfreda.Aida@gmail.com,worker,185.93
345,Lucy,Pelagias,Lucy.Pelagias@yopmail.com,Lucy.Pelagias@gmail.com,doctor,726.12
346,Kellen,Mallon,Kellen.Mallon@yopmail.com,Kellen.Mallon@gmail.com,doctor,454.55
347,Joceline,Fitzsimmons,Joceline.Fitzsimmons@yopmail.com,Joceline.Fitzsimmons@gmail.com,police officer,486.41
348,Katuscha,Kalinda,Katuscha.Kalinda@yopmail.com,Katuscha.Kalinda@gmail.com,police officer,925.85
349,Monika,Hieronymus,Monika.Hieronymus@yopmail.com,Monika.Hieronymus@gmail.com,doctor,670.55
350,Cecile,Diann,Cecile.Diann@yopmail.com,Cecile.Diann@gmail.com,developer,317.66
351,Kalina,Leary,Kalina.Leary@yopmail.com,Kalina.Leary@gmail.com,developer,914.39
352,Ekaterina,Stoller,Ekaterina.Stoller@yopmail.com,Ekaterina.Stoller@gmail.com,worker,610.54
353,Ebonee,Posner,Ebonee.Posner@yopmail.com,Ebonee.Posner@gmail.com,doctor,536.31
354,Roslyn,Denis,Roslyn.Denis@yopmail.com,Roslyn.Denis@gmail.com,developer,269.37
355,Alejandra,Zola,Alejandra.Zola@yopmail.com,Alejandra.Zola@gmail.com,firefighter,924.16
356,Konstance,Gaulin,Konstance.Gaulin@yopmail.com,Konstance.Gaulin@gmail.com,firefighter,316.87
357,Tressa,Haymes,Tressa.Haymes@yopmail.com,Tressa.Haymes@gmail.com,police officer,408.56
358,Ezmeralda,Ferino,Ezmeralda.Ferino@yopmail.com,Ezmeralda.Ferino@gmail.com,developer,866.03
359,Rivalee,Meter,Rivalee.Meter@yopmail.com,Rivalee.Meter@gmail.com,firefighter,671.94
360,Rebeca,Candy,Rebeca.Candy@yopmail.com,Rebeca.Candy@gmail.com,police officer,93.45
361,Ginnie,Kellby,Ginnie.Kellby@yopmail.com,Ginnie.Kellby@gmail.com,police officer,841.64
362,Olivette,Markman,Olivette.Markman@yopmail.com,Olivette.Markman@gmail.com,doctor,452.51
363,Paule,Kolnick,Paule.Kolnick@yopmail.com,Paule.Kolnick@gmail.com,doctor,272.5
364,Orelia,Pyle,Orelia.Pyle@yopmail.com,Orelia.Pyle@gmail.com,doctor,22.64
365,Catrina,Armanda,Catrina.Armanda@yopmail.com,Catrina.Armanda@gmail.com,firefighter,998.9
366,Corly,Hutchison,Corly.Hutchison@yopmail.com,Corly.Hutchison@gmail.com,doctor,761.62
367,Blake,Genna,Blake.Genna@yopmail.com,Blake.Genna@gmail.com,doctor,967.41
368,Sharai,Madelene,Sharai.Madelene@yopmail.com,Sharai.Madelene@gmail.com,doctor,351.96
369,Elbertina,Dawkins,Elbertina.Dawkins@yopmail.com,Elbertina.Dawkins@gmail.com,doctor,182.14
370,Lory,Elvyn,Lory.Elvyn@yopmail.com,Lory.Elvyn@gmail.com,police officer,65.93
371,Sharai,Klemperer,Sharai.Klemperer@yopmail.com,Sharai.Klemperer@gmail.com,worker,409.65
372,Eve,Hourigan,Eve.Hourigan@yopmail.com,Eve.Hourigan@gmail.com,police officer,413.64
373,Queenie,Alfons,Queenie.Alfons@yopmail.com,Queenie.Alfons@gmail.com,worker,642.39
374,Kristina,Joseph,Kristina.Joseph@yopmail.com,Kristina.Joseph@gmail.com,worker,398.29
375,Tani,Jacobah,Tani.Jacobah@yopmail.com,Tani.Jacobah@gmail.com,police officer,335.69
376,Kaja,Frendel,Kaja.Frendel@yopmail.com,Kaja.Frendel@gmail.com,developer,461.21
377,Shannah,Vacuva,Shannah.Vacuva@yopmail.com,Shannah.Vacuva@gmail.com,doctor,292.49
378,Alisha,Posner,Alisha.Posner@yopmail.com,Alisha.Posner@gmail.com,developer,727.95
379,Mellicent,Guthrie,Mellicent.Guthrie@yopmail.com,Mellicent.Guthrie@gmail.com,developer,699.46
380,Correy,Lamoree,Correy.Lamoree@yopmail.com,Correy.Lamoree@gmail.com,firefighter,451.58
381,Charissa,Soneson,Charissa.Soneson@yopmail.com,Charissa.Soneson@gmail.com,developer,294.05
382,Bill,Sigfrid,Bill.Sigfrid@yopmail.com,Bill.Sigfrid@gmail.com,developer,935.39
383,Aeriela,Mike,Aeriela.Mike@yopmail.com,Aeriela.Mike@gmail.com,worker,593.69
384,Dorthy,Rudolph,Dorthy.Rudolph@yopmail.com,Dorthy.Rudolph@gmail.com,firefighter,15.04
385,Tonia,Natalia,Tonia.Natalia@yopmail.com,Tonia.Natalia@gmail.com,worker,494
386,Renie,Marden,Renie.Marden@yopmail.com,Renie.Marden@gmail.com,firefighter,446.26
387,Amara,Alwin,Amara.Alwin@yopmail.com,Amara.Alwin@gmail.com,developer,389.5
388,Luci,Claudine,Luci.Claudine@yopmail.com,Luci.Claudine@gmail.com,doctor,374.78
389,Marguerite,Louanna,Marguerite.Louanna@yopmail.com,Marguerite.Louanna@gmail.com,firefighter,515.26
390,Cassandra,Wandie,Cassandra.Wandie@yopmail.com,Cassandra.Wandie@gmail.com,developer,460.68
391,Joane,Melleta,Joane.Melleta@yopmail.com,Joane.Melleta@gmail.com,firefighter,571.83
392,Karena,Papageno,Karena.Papageno@yopmail.com,Karena.Papageno@gmail.com,firefighter,831.19
393,Jemie,Voletta,Jemie.Voletta@yopmail.com,Jemie.Voletta@gmail.com,police officer,712.29
394,Adore,Thar,Adore.Thar@yopmail.com,Adore.Thar@gmail.com,police officer,894.22
395,Andeee,Hylan,Andeee.Hylan@yopmail.com,Andeee.Hylan@gmail.com,developer,816.64
396,Mireielle,Pond,Mireielle.Pond@yopmail.com,Mireielle.Pond@gmail.com,police officer,896.87
397,Concettina,Maryanne,Concettina.Maryanne@yopmail.com,Concettina.Maryanne@gmail.com,police officer,446.32
398,Sean,Howlyn,Sean.Howlyn@yopmail.com,Sean.Howlyn@gmail.com,police officer,176.68
399,Teriann,Burkle,Teriann.Burkle@yopmail.com,Teriann.Burkle@gmail.com,firefighter,682.8
400,Corene,Teddman,Corene.Teddman@yopmail.com,Corene.Teddman@gmail.com,firefighter,310.51
401,Cindelyn,Sophronia,Cindelyn.Sophronia@yopmail.com,Cindelyn.Sophronia@gmail.com,firefighter,108.69
402,Anthia,Hewitt,Anthia.Hewitt@yopmail.com,Anthia.Hewitt@gmail.com,police officer,298.5
403,Florie,Karl,Florie.Karl@yopmail.com,Florie.Karl@gmail.com,police officer,982.66
404,Leanna,Wu,Leanna.Wu@yopmail.com,Leanna.Wu@gmail.com,doctor,255.9
405,Raina,Markman,Raina.Markman@yopmail.com,Raina.Markman@gmail.com,doctor,243.25
406,Sandie,Woodberry,Sandie.Woodberry@yopmail.com,Sandie.Woodberry@gmail.com,firefighter,681.41
407,Ann-Marie,Obed,Ann-Marie.Obed@yopmail.com,Ann-Marie.Obed@gmail.com,firefighter,370.69
408,Gale,Lory,Gale.Lory@yopmail.com,Gale.Lory@gmail.com,worker,294.68
409,Jan,Baptlsta,Jan.Baptlsta@yopmail.com,Jan.Baptlsta@gmail.com,developer,358.51
410,Glenda,Chandler,Glenda.Chandler@yopmail.com,Glenda.Chandler@gmail.com,police officer,583.27
411,Ayn,Lauraine,Ayn.Lauraine@yopmail.com,Ayn.Lauraine@gmail.com,police officer,443.07
412,Edith,Loring,Edith.Loring@yopmail.com,Edith.Loring@gmail.com,worker,642.48
413,Kelly,Louanna,Kelly.Louanna@yopmail.com,Kelly.Louanna@gmail.com,developer,962.1
414,Sibella,Sancho,Sibella.Sancho@yopmail.com,Sibella.Sancho@gmail.com,doctor,869.64
415,Mureil,Pattin,Mureil.Pattin@yopmail.com,Mureil.Pattin@gmail.com,doctor,321.65
416,Phylis,Zaslow,Phylis.Zaslow@yopmail.com,Phylis.Zaslow@gmail.com,worker,500.47
417,Alisha,Schonfeld,Alisha.Schonfeld@yopmail.com,Alisha.Schonfeld@gmail.com,police officer,250.9
418,Dyann,Curren,Dyann.Curren@yopmail.com,Dyann.Curren@gmail.com,doctor,462.8
419,Blinni,Roche,Blinni.Roche@yopmail.com,Blinni.Roche@gmail.com,doctor,842.01
420,Ebonee,Sacken,Ebonee.Sacken@yopmail.com,Ebonee.Sacken@gmail.com,doctor,742.76
421,Charmaine,Lunsford,Charmaine.Lunsford@yopmail.com,Charmaine.Lunsford@gmail.com,police officer,117.82
422,Meghann,Lamoree,Meghann.Lamoree@yopmail.com,Meghann.Lamoree@gmail.com,firefighter,154.32
423,Blake,Whiffen,Blake.Whiffen@yopmail.com,Blake.Whiffen@gmail.com,developer,823.32
424,Judy,Esmaria,Judy.Esmaria@yopmail.com,Judy.Esmaria@gmail.com,doctor,377.6
425,Shaylyn,Ruvolo,Shaylyn.Ruvolo@yopmail.com,Shaylyn.Ruvolo@gmail.com,developer,325.28
426,Viviene,Briney,Viviene.Briney@yopmail.com,Viviene.Briney@gmail.com,developer,42.5
427,Elise,Cookie,Elise.Cookie@yopmail.com,Elise.Cookie@gmail.com,developer,20.51
428,Shaine,Maribeth,Shaine.Maribeth@yopmail.com,Shaine.Maribeth@gmail.com,doctor,424.73
429,Barbi,Joni,Barbi.Joni@yopmail.com,Barbi.Joni@gmail.com,worker,250.38
430,Beatriz,Fulmer,Beatriz.Fulmer@yopmail.com,Beatriz.Fulmer@gmail.com,doctor,892.84
431,Melanie,Roscoe,Melanie.Roscoe@yopmail.com,Melanie.Roscoe@gmail.com,worker,627.78
432,Albertina,Hashim,Albertina.Hashim@yopmail.com,Albertina.Hashim@gmail.com,developer,444.43
433,Bettine,Roumell,Bettine.Roumell@yopmail.com,Bettine.Roumell@gmail.com,developer,426.35
434,Ada,Campball,Ada.Campball@yopmail.com,Ada.Campball@gmail.com,worker,460.69
435,Chloris,Seessel,Chloris.Seessel@yopmail.com,Chloris.Seessel@gmail.com,doctor,228.63
436,Brianna,Corilla,Brianna.Corilla@yopmail.com,Brianna.Corilla@gmail.com,doctor,471
437,Sandie,Honoria,Sandie.Honoria@yopmail.com,Sandie.Honoria@gmail.com,worker,236.31
438,Gilda,Mayeda,Gilda.Mayeda@yopmail.com,Gilda.Mayeda@gmail.com,firefighter,857.94
439,Giustina,Lilas,Giustina.Lilas@yopmail.com,Giustina.Lilas@gmail.com,developer,950.87
440,Debee,Abbot,Debee.Abbot@yopmail.com,Debee.Abbot@gmail.com,worker,531.57
441,Hallie,Craggie,Hallie.Craggie@yopmail.com,Hallie.Craggie@gmail.com,worker,886.36
442,Dede,Tjon,Dede.Tjon@yopmail.com,Dede.Tjon@gmail.com,firefighter,318.51
443,Rosaline,Karylin,Rosaline.Karylin@yopmail.com,Rosaline.Karylin@gmail.com,police officer,839.95
444,Andeee,Terrence,Andeee.Terrence@yopmail.com,Andeee.Terrence@gmail.com,developer,73.52
445,Paulita,Keily,Paulita.Keily@yopmail.com,Paulita.Keily@gmail.com,developer,735.6
446,Genovera,Lesley,Genovera.Lesley@yopmail.com,Genovera.Lesley@gmail.com,firefighter,593.4
447,Liana,Emmaline,Liana.Emmaline@yopmail.com,Liana.Emmaline@gmail.com,firefighter,313.22
448,Dagmar,Sabella,Dagmar.Sabella@yopmail.com,Dagmar.Sabella@gmail.com,police officer,126.43
449,Janeczka,Urania,Janeczka.Urania@yopmail.com,Janeczka.Urania@gmail.com,police officer,954.77
450,Gianina,Delp,Gianina.Delp@yopmail.com,Gianina.Delp@gmail.com,worker,117.63
451,Gerrie,Lymann,Gerrie.Lymann@yopmail.com,Gerrie.Lymann@gmail.com,developer,532.72
452,Dari,Hilbert,Dari.Hilbert@yopmail.com,Dari.Hilbert@gmail.com,worker,234.87
453,Emilia,Ellord,Emilia.Ellord@yopmail.com,Emilia.Ellord@gmail.com,firefighter,640.54
454,Cyb,Halsey,Cyb.Halsey@yopmail.com,Cyb.Halsey@gmail.com,worker,85.39
455,Anestassia,Gerge,Anestassia.Gerge@yopmail.com,Anestassia.Gerge@gmail.com,developer,393.42
456,Kalina,Cath,Kalina.Cath@yopmail.com,Kalina.Cath@gmail.com,worker,232.12
457,Blinni,Merriott,Blinni.Merriott@yopmail.com,Blinni.Merriott@gmail.com,developer,168.98
458,Dulce,Talia,Dulce.Talia@yopmail.com,Dulce.Talia@gmail.com,firefighter,365.82
459,Merle,Engdahl,Merle.Engdahl@yopmail.com,Merle.Engdahl@gmail.com,developer,31.24
460,Lynnea,Linskey,Lynnea.Linskey@yopmail.com,Lynnea.Linskey@gmail.com,police officer,223.08
461,Molli,Pearse,Molli.Pearse@yopmail.com,Molli.Pearse@gmail.com,worker,436.17
462,Ruthe,Hartnett,Ruthe.Hartnett@yopmail.com,Ruthe.Hartnett@gmail.com,firefighter,574.53
463,Misha,Gladstone,Misha.Gladstone@yopmail.com,Misha.Gladstone@gmail.com,developer,786.07
464,Neila,Madox,Neila.Madox@yopmail.com,Neila.Madox@gmail.com,police officer,395.95
465,Gianina,Kat,Gianina.Kat@yopmail.com,Gianina.Kat@gmail.com,doctor,948
466,Tani,Louanna,Tani.Louanna@yopmail.com,Tani.Louanna@gmail.com,worker,29.25
467,Damaris,Fry,Damaris.Fry@yopmail.com,Damaris.Fry@gmail.com,doctor,351.83
468,Tierney,Crudden,Tierney.Crudden@yopmail.com,Tierney.Crudden@gmail.com,firefighter,347.67
469,Dale,Strephon,Dale.Strephon@yopmail.com,Dale.Strephon@gmail.com,police officer,721.81
470,Elyssa,Mata,Elyssa.Mata@yopmail.com,Elyssa.Mata@gmail.com,worker,762.42
471,Korrie,Kaja,Korrie.Kaja@yopmail.com,Korrie.Kaja@gmail.com,worker,960.5
472,Madalyn,Jary,Madalyn.Jary@yopmail.com,Madalyn.Jary@gmail.com,developer,330.93
473,Modestia,Riordan,Modestia.Riordan@yopmail.com,Modestia.Riordan@gmail.com,developer,503.95
474,Ulrike,Justinn,Ulrike.Justinn@yopmail.com,Ulrike.Justinn@gmail.com,police officer,858.85
475,Lorne,Dannye,Lorne.Dannye@yopmail.com,Lorne.Dannye@gmail.com,worker,321.5
476,Linzy,Silvan,Linzy.Silvan@yopmail.com,Linzy.Silvan@gmail.com,doctor,125.18
477,Camile,Joni,Camile.Joni@yopmail.com,Camile.Joni@gmail.com,worker,951.22
478,Bertine,Ophelia,Bertine.Ophelia@yopmail.com,Bertine.Ophelia@gmail.com,doctor,972.58
479,Christian,Evvie,Christian.Evvie@yopmail.com,Christian.Evvie@gmail.com,doctor,63.13
480,Michaelina,Dorothy,Michaelina.Dorothy@yopmail.com,Michaelina.Dorothy@gmail.com,doctor,926.33
481,Lesly,Nerita,Lesly.Nerita@yopmail.com,Lesly.Nerita@gmail.com,worker,722.43
482,Joceline,Connelly,Joceline.Connelly@yopmail.com,Joceline.Connelly@gmail.com,doctor,131.76
483,Linzy,Frodi,Linzy.Frodi@yopmail.com,Linzy.Frodi@gmail.com,worker,633.17
484,Willetta,Flita,Willetta.Flita@yopmail.com,Willetta.Flita@gmail.com,police officer,751.17
485,Kristina,Ingra,Kristina.Ingra@yopmail.com,Kristina.Ingra@gmail.com,worker,165.65
486,Zaria,Flyn,Zaria.Flyn@yopmail.com,Zaria.Flyn@gmail.com,police officer,842.16
487,Emylee,Christal,Emylee.Christal@yopmail.com,Emylee.Christal@gmail.com,doctor,236.06
488,Regina,Maurine,Regina.Maurine@yopmail.com,Regina.Maurine@gmail.com,developer,383.52
489,Larine,Bouchard,Larine.Bouchard@yopmail.com,Larine.Bouchard@gmail.com,police officer,49.35
490,Caritta,Plato,Caritta.Plato@yopmail.com,Caritta.Plato@gmail.com,police officer,811.1
491,Jere,Isacco,Jere.Isacco@yopmail.com,Jere.Isacco@gmail.com,worker,986.96
492,Brana,Lutero,Brana.Lutero@yopmail.com,Brana.Lutero@gmail.com,firefighter,170
493,Regina,Jillane,Regina.Jillane@yopmail.com,Regina.Jillane@gmail.com,police officer,848.04
494,Cacilie,Hurley,Cacilie.Hurley@yopmail.com,Cacilie.Hurley@gmail.com,doctor,364.78
495,Ekaterina,Allina,Ekaterina.Allina@yopmail.com,Ekaterina.Allina@gmail.com,worker,87.54
496,Estell,Nicoline,Estell.Nicoline@yopmail.com,Estell.Nicoline@gmail.com,worker,176.49
497,Corly,Brodench,Corly.Brodench@yopmail.com,Corly.Brodench@gmail.com,firefighter,364.54
498,Romona,Silvan,Romona.Silvan@yopmail.com,Romona.Silvan@gmail.com,doctor,537.73
499,Lucille,Gregrory,Lucille.Gregrory@yopmail.com,Lucille.Gregrory@gmail.com,doctor,87.83
500,Britte,Lytton,Britte.Lytton@yopmail.com,Britte.Lytton@gmail.com,police officer,184.09
501,Merry,Byrne,Merry.Byrne@yopmail.com,Merry.Byrne@gmail.com,doctor,439.34
502,Kamilah,Karl,Kamilah.Karl@yopmail.com,Kamilah.Karl@gmail.com,firefighter,523.79
503,Adele,Wooster,Adele.Wooster@yopmail.com,Adele.Wooster@gmail.com,developer,890.16
504,Deedee,Cath,Deedee.Cath@yopmail.com,Deedee.Cath@gmail.com,worker,339.5
505,Adelle,Bonucci,Adelle.Bonucci@yopmail.com,Adelle.Bonucci@gmail.com,police officer,207.79
506,Andree,Craggie,Andree.Craggie@yopmail.com,Andree.Craggie@gmail.com,developer,185.66
507,Kristina,Abernon,Kristina.Abernon@yopmail.com,Kristina.Abernon@gmail.com,doctor,120.14
508,Cherilyn,Dorcy,Cherilyn.Dorcy@yopmail.com,Cherilyn.Dorcy@gmail.com,police officer,132.53
509,Ginnie,Irmine,Ginnie.Irmine@yopmail.com,Ginnie.Irmine@gmail.com,developer,93.35
510,Veda,Hertzfeld,Veda.Hertzfeld@yopmail.com,Veda.Hertzfeld@gmail.com,developer,700.69
511,Odessa,Hylan,Odessa.Hylan@yopmail.com,Odessa.Hylan@gmail.com,developer,377.28
512,Regina,Hachmin,Regina.Hachmin@yopmail.com,Regina.Hachmin@gmail.com,doctor,401.67
513,Melina,Buttaro,Melina.Buttaro@yopmail.com,Melina.Buttaro@gmail.com,doctor,824.4
514,Lory,Garrison,Lory.Garrison@yopmail.com,Lory.Garrison@gmail.com,firefighter,141.96
515,Zaria,Yusuk,Zaria.Yusuk@yopmail.com,Zaria.Yusuk@gmail.com,police officer,774.12
516,Aurore,Redmond,Aurore.Redmond@yopmail.com,Aurore.Redmond@gmail.com,worker,413.95
517,Tori,Anselmi,Tori.Anselmi@yopmail.com,Tori.Anselmi@gmail.com,doctor,601.36
518,Cam,Vorster,Cam.Vorster@yopmail.com,Cam.Vorster@gmail.com,worker,896.99
519,Vevay,Juan,Vevay.Juan@yopmail.com,Vevay.Juan@gmail.com,developer,138.98
520,Mathilda,Noam,Mathilda.Noam@yopmail.com,Mathilda.Noam@gmail.com,firefighter,913.75
521,Robbi,Jobi,Robbi.Jobi@yopmail.com,Robbi.Jobi@gmail.com,developer,48.92
522,Ada,Kelula,Ada.Kelula@yopmail.com,Ada.Kelula@gmail.com,developer,300.98
523,Clarice,Lareena,Clarice.Lareena@yopmail.com,Clarice.Lareena@gmail.com,developer,171.11
524,Dorothy,Rozanna,Dorothy.Rozanna@yopmail.com,Dorothy.Rozanna@gmail.com,police officer,310.46
525,Aurelie,Anderea,Aurelie.Anderea@yopmail.com,Aurelie.Anderea@gmail.com,worker,799.3
526,Darlleen,Juliet,Darlleen.Juliet@yopmail.com,Darlleen.Juliet@gmail.com,police officer,691.85
527,Nanete,Berl,Nanete.Berl@yopmail.com,Nanete.Berl@gmail.com,doctor,860.56
528,Brietta,Christal,Brietta.Christal@yopmail.com,Brietta.Christal@gmail.com,firefighter,503.07
529,Violet,Carbo,Violet.Carbo@yopmail.com,Violet.Carbo@gmail.com,developer,998.33
530,Tabbatha,Seligman,Tabbatha.Seligman@yopmail.com,Tabbatha.Seligman@gmail.com,police officer,884.65
531,Beatriz,Podvin,Beatriz.Podvin@yopmail.com,Beatriz.Podvin@gmail.com,worker,324.17
532,Sheelagh,Felizio,Sheelagh.Felizio@yopmail.com,Sheelagh.Felizio@gmail.com,doctor,587.42
533,Talya,Concha,Talya.Concha@yopmail.com,Talya.Concha@gmail.com,developer,628.06
534,Olivette,Nunci,Olivette.Nunci@yopmail.com,Olivette.Nunci@gmail.com,doctor,97.04
535,Phylis,Georas,Phylis.Georas@yopmail.com,Phylis.Georas@gmail.com,worker,233.2
536,Emma,Romelda,Emma.Romelda@yopmail.com,Emma.Romelda@gmail.com,worker,449.94
537,Joeann,Greyson,Joeann.Greyson@yopmail.com,Joeann.Greyson@gmail.com,developer,207.9
538,Aeriela,Maxi,Aeriela.Maxi@yopmail.com,Aeriela.Maxi@gmail.com,firefighter,327.64
539,Alie,Rubie,Alie.Rubie@yopmail.com,Alie.Rubie@gmail.com,firefighter,700.42
540,Stacey,Hamil,Stacey.Hamil@yopmail.com,Stacey.Hamil@gmail.com,firefighter,739.24
541,Korrie,Ciapas,Korrie.Ciapas@yopmail.com,Korrie.Ciapas@gmail.com,worker,970.1
542,Arlina,Cookie,Arlina.Cookie@yopmail.com,Arlina.Cookie@gmail.com,doctor,331.14
543,Isa,Yusuk,Isa.Yusuk@yopmail.com,Isa.Yusuk@gmail.com,developer,300.97
544,Caressa,Camden,Caressa.Camden@yopmail.com,Caressa.Camden@gmail.com,worker,701.38
545,Dania,Barbey,Dania.Barbey@yopmail.com,Dania.Barbey@gmail.com,worker,52.29
546,Trixi,Mathilde,Trixi.Mathilde@yopmail.com,Trixi.Mathilde@gmail.com,doctor,236.36
547,Camile,Buckler,Camile.Buckler@yopmail.com,Camile.Buckler@gmail.com,doctor,951.14
548,Dania,Agle,Dania.Agle@yopmail.com,Dania.Agle@gmail.com,police officer,515.02
549,Chandra,Pond,Chandra.Pond@yopmail.com,Chandra.Pond@gmail.com,worker,183.61
550,Roberta,Hubert,Roberta.Hubert@yopmail.com,Roberta.Hubert@gmail.com,developer,352.03
551,Sarette,Alabaster,Sarette.Alabaster@yopmail.com,Sarette.Alabaster@gmail.com,developer,519.52
552,Ketti,Vastah,Ketti.Vastah@yopmail.com,Ketti.Vastah@gmail.com,doctor,425.12
553,Brynna,Gino,Brynna.Gino@yopmail.com,Brynna.Gino@gmail.com,police officer,857.23
554,Gwyneth,Cornelia,Gwyneth.Cornelia@yopmail.com,Gwyneth.Cornelia@gmail.com,firefighter,739.73
555,Charmaine,Ioab,Charmaine.Ioab@yopmail.com,Charmaine.Ioab@gmail.com,firefighter,489.13
556,Wendi,Ashok,Wendi.Ashok@yopmail.com,Wendi.Ashok@gmail.com,developer,202.99
557,Shannah,Joseph,Shannah.Joseph@yopmail.com,Shannah.Joseph@gmail.com,doctor,952.94
558,Emylee,Linskey,Emylee.Linskey@yopmail.com,Emylee.Linskey@gmail.com,firefighter,427.4
559,Helena,Berriman,Helena.Berriman@yopmail.com,Helena.Berriman@gmail.com,police officer,141.73
560,Viki,Zola,Viki.Zola@yopmail.com,Viki.Zola@gmail.com,developer,721.62
561,Barbi,Norvol,Barbi.Norvol@yopmail.com,Barbi.Norvol@gmail.com,police officer,107.12
562,Bill,Rebecka,Bill.Rebecka@yopmail.com,Bill.Rebecka@gmail.com,police officer,752.47
563,Beatriz,Kalinda,Beatriz.Kalinda@yopmail.com,Beatriz.Kalinda@gmail.com,firefighter,936.08
564,Merci,Wesle,Merci.Wesle@yopmail.com,Merci.Wesle@gmail.com,worker,540.5
565,Kassey,Truc,Kassey.Truc@yopmail.com,Kassey.Truc@gmail.com,doctor,694.56
566,Elka,Joli,Elka.Joli@yopmail.com,Elka.Joli@gmail.com,police officer,675.34
567,Gisela,Gherardo,Gisela.Gherardo@yopmail.com,Gisela.Gherardo@gmail.com,developer,696.02
568,Laure,Israeli,Laure.Israeli@yopmail.com,Laure.Israeli@gmail.com,developer,218.84
569,Wilma,Bow,Wilma.Bow@yopmail.com,Wilma.Bow@gmail.com,developer,543.22
570,Meghann,Chabot,Meghann.Chabot@yopmail.com,Meghann.Chabot@gmail.com,doctor,653.76
571,Kate,Lewes,Kate.Lewes@yopmail.com,Kate.Lewes@gmail.com,developer,726.06
572,Melodie,Llovera,Melodie.Llovera@yopmail.com,Melodie.Llovera@gmail.com,worker,765.53
573,Andree,Cyrie,Andree.Cyrie@yopmail.com,Andree.Cyrie@gmail.com,doctor,377.12
574,Cristabel,Mallon,Cristabel.Mallon@yopmail.com,Cristabel.Mallon@gmail.com,developer,220.73
575,Sindee,Iphlgenia,Sindee.Iphlgenia@yopmail.com,Sindee.Iphlgenia@gmail.com,firefighter,474.28
576,Tabbatha,Baudin,Tabbatha.Baudin@yopmail.com,Tabbatha.Baudin@gmail.com,developer,162.01
577,Fanchon,Leopold,Fanchon.Leopold@yopmail.com,Fanchon.Leopold@gmail.com,firefighter,568.37
578,Leontine,Hartnett,Leontine.Hartnett@yopmail.com,Leontine.Hartnett@gmail.com,firefighter,580.57
579,Dorice,Toni,Dorice.Toni@yopmail.com,Dorice.Toni@gmail.com,worker,957.6
580,Raf,Fancie,Raf.Fancie@yopmail.com,Raf.Fancie@gmail.com,firefighter,464.77
581,Fredericka,Prouty,Fredericka.Prouty@yopmail.com,Fredericka.Prouty@gmail.com,firefighter,931.85
582,Belva,Lissi,Belva.Lissi@yopmail.com,Belva.Lissi@gmail.com,developer,534.27
583,Katuscha,Barrus,Katuscha.Barrus@yopmail.com,Katuscha.Barrus@gmail.com,worker,444.57
584,Tabbatha,An,Tabbatha.An@yopmail.com,Tabbatha.An@gmail.com,developer,594.49
585,Tobe,Morrill,Tobe.Morrill@yopmail.com,Tobe.Morrill@gmail.com,police officer,729.1
586,Kayla,Phi,Kayla.Phi@yopmail.com,Kayla.Phi@gmail.com,worker,945.33
587,Siana,Lenny,Siana.Lenny@yopmail.com,Siana.Lenny@gmail.com,developer,3.15
588,Cathyleen,Ventre,Cathyleen.Ventre@yopmail.com,Cathyleen.Ventre@gmail.com,police officer,946.54
589,Marsiella,Eben,Marsiella.Eben@yopmail.com,Marsiella.Eben@gmail.com,firefighter,984.72
590,Joane,Narton,Joane.Narton@yopmail.com,Joane.Narton@gmail.com,police officer,184.6
591,Elena,Irmine,Elena.Irmine@yopmail.com,Elena.Irmine@gmail.com,police officer,3.33
592,Noelle,Ummersen,Noelle.Ummersen@yopmail.com,Noelle.Ummersen@gmail.com,police officer,516.5
593,Dennie,Edmund,Dennie.Edmund@yopmail.com,Dennie.Edmund@gmail.com,police officer,487.94
594,Emilia,Holtz,Emilia.Holtz@yopmail.com,Emilia.Holtz@gmail.com,police officer,161.77
595,Jacquetta,Saint,Jacquetta.Saint@yopmail.com,Jacquetta.Saint@gmail.com,police officer,378.87
596,Gertrud,Tybald,Gertrud.Tybald@yopmail.com,Gertrud.Tybald@gmail.com,doctor,212.45
597,Danika,Yerkovich,Danika.Yerkovich@yopmail.com,Danika.Yerkovich@gmail.com,doctor,752.64
598,Trudie,Ventre,Trudie.Ventre@yopmail.com,Trudie.Ventre@gmail.com,doctor,266.77
599,Lucy,Atcliffe,Lucy.Atcliffe@yopmail.com,Lucy.Atcliffe@gmail.com,worker,987.06
600,Lesly,Burch,Lesly.Burch@yopmail.com,Lesly.Burch@gmail.com,police officer,149.05
601,Marnia,Gilmour,Marnia.Gilmour@yopmail.com,Marnia.Gilmour@gmail.com,developer,118.57
602,Laurene,Wiener,Laurene.Wiener@yopmail.com,Laurene.Wiener@gmail.com,doctor,96.97
603,Tarra,Jerold,Tarra.Jerold@yopmail.com,Tarra.Jerold@gmail.com,worker,552.88
604,Delilah,Graig,Delilah.Graig@yopmail.com,Delilah.Graig@gmail.com,doctor,679.83
605,Yvonne,Greyson,Yvonne.Greyson@yopmail.com,Yvonne.Greyson@gmail.com,worker,373.04
606,Karolina,Junie,Karolina.Junie@yopmail.com,Karolina.Junie@gmail.com,police officer,770.16
607,Shaine,Roumell,Shaine.Roumell@yopmail.com,Shaine.Roumell@gmail.com,worker,447.02
608,Cissiee,Seagraves,Cissiee.Seagraves@yopmail.com,Cissiee.Seagraves@gmail.com,police officer,469.68
609,Ricky,Miru,Ricky.Miru@yopmail.com,Ricky.Miru@gmail.com,worker,298.89
610,Roslyn,Ralfston,Roslyn.Ralfston@yopmail.com,Roslyn.Ralfston@gmail.com,firefighter,332.47
611,Ellette,Lilas,Ellette.Lilas@yopmail.com,Ellette.Lilas@gmail.com,worker,551.32
612,Ayn,Kirbee,Ayn.Kirbee@yopmail.com,Ayn.Kirbee@gmail.com,doctor,365.27
613,Alexine,Winnick,Alexine.Winnick@yopmail.com,Alexine.Winnick@gmail.com,developer,633.46
614,Petronia,Goddard,Petronia.Goddard@yopmail.com,Petronia.Goddard@gmail.com,doctor,549.18
615,Kimmy,Klotz,Kimmy.Klotz@yopmail.com,Kimmy.Klotz@gmail.com,police officer,39.68
616,Lelah,Pond,Lelah.Pond@yopmail.com,Lelah.Pond@gmail.com,worker,660.83
617,Corina,Eliathas,Corina.Eliathas@yopmail.com,Corina.Eliathas@gmail.com,developer,393.99
618,Arabel,Burnside,Arabel.Burnside@yopmail.com,Arabel.Burnside@gmail.com,police officer,973.93
619,Isa,Olympium,Isa.Olympium@yopmail.com,Isa.Olympium@gmail.com,worker,897.18
620,Annabela,Aida,Annabela.Aida@yopmail.com,Annabela.Aida@gmail.com,developer,242.07
621,Reeba,Thilda,Reeba.Thilda@yopmail.com,Reeba.Thilda@gmail.com,worker,102.68
622,Elie,Felecia,Elie.Felecia@yopmail.com,Elie.Felecia@gmail.com,developer,107.36
623,Ardeen,Edvard,Ardeen.Edvard@yopmail.com,Ardeen.Edvard@gmail.com,doctor,149.79
624,Valeda,Vharat,Valeda.Vharat@yopmail.com,Valeda.Vharat@gmail.com,police officer,981.52
625,Cyb,Fairweather,Cyb.Fairweather@yopmail.com,Cyb.Fairweather@gmail.com,developer,823.41
626,Almeta,Felecia,Almeta.Felecia@yopmail.com,Almeta.Felecia@gmail.com,developer,140.53
627,Raquela,McClimans,Raquela.McClimans@yopmail.com,Raquela.McClimans@gmail.com,worker,752.38
628,Rori,Letsou,Rori.Letsou@yopmail.com,Rori.Letsou@gmail.com,firefighter,860.52
629,Liana,Curren,Liana.Curren@yopmail.com,Liana.Curren@gmail.com,police officer,485.69
630,Starla,Toni,Starla.Toni@yopmail.com,Starla.Toni@gmail.com,doctor,91.48
631,Lorenza,Kendrick,Lorenza.Kendrick@yopmail.com,Lorenza.Kendrick@gmail.com,doctor,147.45
632,Bill,Hollingsworth,Bill.Hollingsworth@yopmail.com,Bill.Hollingsworth@gmail.com,firefighter,320.83
633,Zsa Zsa,Olin,Zsa Zsa.Olin@yopmail.com,Zsa Zsa.Olin@gmail.com,firefighter,867.59
634,Ann-Marie,Ferino,Ann-Marie.Ferino@yopmail.com,Ann-Marie.Ferino@gmail.com,worker,28.3
635,Orsola,Allare,Orsola.Allare@yopmail.com,Orsola.Allare@gmail.com,police officer,638.73
636,Gianina,Ventre,Gianina.Ventre@yopmail.com,Gianina.Ventre@gmail.com,firefighter,731.53
637,Alex,Thilda,Alex.Thilda@yopmail.com,Alex.Thilda@gmail.com,developer,247.87
638,Roseline,Jacinda,Roseline.Jacinda@yopmail.com,Roseline.Jacinda@gmail.com,firefighter,769.3
639,Kellen,Arquit,Kellen.Arquit@yopmail.com,Kellen.Arquit@gmail.com,worker,35.29
640,Deloria,Harriman,Deloria.Harriman@yopmail.com,Deloria.Harriman@gmail.com,firefighter,6.9
641,Ariela,Maurine,Ariela.Maurine@yopmail.com,Ariela.Maurine@gmail.com,police officer,360.45
642,Fanny,Hutchison,Fanny.Hutchison@yopmail.com,Fanny.Hutchison@gmail.com,developer,735.6
643,Bibby,Cullin,Bibby.Cullin@yopmail.com,Bibby.Cullin@gmail.com,doctor,723.44
644,Jsandye,Saree,Jsandye.Saree@yopmail.com,Jsandye.Saree@gmail.com,police officer,737.86
645,Vinita,Bevin,Vinita.Bevin@yopmail.com,Vinita.Bevin@gmail.com,firefighter,953.85
646,Penelopa,Bethany,Penelopa.Bethany@yopmail.com,Penelopa.Bethany@gmail.com,developer,874.82
647,Lolita,Christine,Lolita.Christine@yopmail.com,Lolita.Christine@gmail.com,developer,737.61
648,Georgina,Faria,Georgina.Faria@yopmail.com,Georgina.Faria@gmail.com,firefighter,429.91
649,Rivalee,Percy,Rivalee.Percy@yopmail.com,Rivalee.Percy@gmail.com,firefighter,352.29
650,Harrietta,Azeria,Harrietta.Azeria@yopmail.com,Harrietta.Azeria@gmail.com,police officer,678.76
651,Zsa Zsa,Bivins,Zsa Zsa.Bivins@yopmail.com,Zsa Zsa.Bivins@gmail.com,developer,274.57
652,Ida,Latini,Ida.Latini@yopmail.com,Ida.Latini@gmail.com,developer,480.01
653,Eadie,Olin,Eadie.Olin@yopmail.com,Eadie.Olin@gmail.com,doctor,843.15
654,Kylynn,Himelman,Kylynn.Himelman@yopmail.com,Kylynn.Himelman@gmail.com,police officer,474.82
655,Ilse,Levey,Ilse.Levey@yopmail.com,Ilse.Levey@gmail.com,developer,226.11
656,Margarette,Jary,Margarette.Jary@yopmail.com,Margarette.Jary@gmail.com,worker,908.93
657,Lindie,Helfand,Lindie.Helfand@yopmail.com,Lindie.Helfand@gmail.com,firefighter,799.04
658,Merci,Bebe,Merci.Bebe@yopmail.com,Merci.Bebe@gmail.com,worker,848.94
659,Harrietta,Kare,Harrietta.Kare@yopmail.com,Harrietta.Kare@gmail.com,firefighter,279.36
660,Ayn,Durante,Ayn.Durante@yopmail.com,Ayn.Durante@gmail.com,developer,752.13
661,Imojean,Linehan,Imojean.Linehan@yopmail.com,Imojean.Linehan@gmail.com,worker,428.29
662,Carlie,Jotham,Carlie.Jotham@yopmail.com,Carlie.Jotham@gmail.com,police officer,392.73
663,Robbi,Prouty,Robbi.Prouty@yopmail.com,Robbi.Prouty@gmail.com,police officer,509.66
664,Belva,Klotz,Belva.Klotz@yopmail.com,Belva.Klotz@gmail.com,firefighter,965.95
665,Vevay,Mich,Vevay.Mich@yopmail.com,Vevay.Mich@gmail.com,police officer,488.16
666,Doralynne,Kosey,Doralynne.Kosey@yopmail.com,Doralynne.Kosey@gmail.com,police officer,873.66
667,Ninnetta,Kirbee,Ninnetta.Kirbee@yopmail.com,Ninnetta.Kirbee@gmail.com,police officer,261.22
668,Shaylyn,Milde,Shaylyn.Milde@yopmail.com,Shaylyn.Milde@gmail.com,doctor,856.59
669,Mignon,Rillings,Mignon.Rillings@yopmail.com,Mignon.Rillings@gmail.com,developer,683.1
670,Dorene,Ashely,Dorene.Ashely@yopmail.com,Dorene.Ashely@gmail.com,firefighter,530.16
671,Elsie,Kimmie,Elsie.Kimmie@yopmail.com,Elsie.Kimmie@gmail.com,worker,798.4
672,Angelique,Aprile,Angelique.Aprile@yopmail.com,Angelique.Aprile@gmail.com,worker,887.35
673,Lila,Carey,Lila.Carey@yopmail.com,Lila.Carey@gmail.com,police officer,94.15
674,Karina,Frodi,Karina.Frodi@yopmail.com,Karina.Frodi@gmail.com,doctor,270.63
675,Bill,Chauncey,Bill.Chauncey@yopmail.com,Bill.Chauncey@gmail.com,police officer,355.06
676,Ketti,Jefferey,Ketti.Jefferey@yopmail.com,Ketti.Jefferey@gmail.com,doctor,391.7
677,Perry,Jorgan,Perry.Jorgan@yopmail.com,Perry.Jorgan@gmail.com,police officer,924.4
678,Nataline,Ferrell,Nataline.Ferrell@yopmail.com,Nataline.Ferrell@gmail.com,police officer,403.26
679,Brooks,Oriana,Brooks.Oriana@yopmail.com,Brooks.Oriana@gmail.com,firefighter,591.9
680,Dennie,Celestine,Dennie.Celestine@yopmail.com,Dennie.Celestine@gmail.com,firefighter,227.74
681,Aryn,Girardo,Aryn.Girardo@yopmail.com,Aryn.Girardo@gmail.com,doctor,344.42
682,Sheree,Therine,Sheree.Therine@yopmail.com,Sheree.Therine@gmail.com,worker,126.47
683,Mamie,Denis,Mamie.Denis@yopmail.com,Mamie.Denis@gmail.com,police officer,729.03
684,Robbi,Dielu,Robbi.Dielu@yopmail.com,Robbi.Dielu@gmail.com,developer,161.54
685,Leona,Brian,Leona.Brian@yopmail.com,Leona.Brian@gmail.com,firefighter,353.47
686,Marti,Hanshaw,Marti.Hanshaw@yopmail.com,Marti.Hanshaw@gmail.com,developer,469.27
687,Aigneis,Ephrem,Aigneis.Ephrem@yopmail.com,Aigneis.Ephrem@gmail.com,developer,369.78
688,Corina,Boycey,Corina.Boycey@yopmail.com,Corina.Boycey@gmail.com,police officer,367.31
689,Fred,O'Rourke,Fred.O'Rourke@yopmail.com,Fred.O'Rourke@gmail.com,police officer,442.48
690,Aimil,Alabaster,Aimil.Alabaster@yopmail.com,Aimil.Alabaster@gmail.com,doctor,725.77
691,Albertina,Ietta,Albertina.Ietta@yopmail.com,Albertina.Ietta@gmail.com,police officer,296.37
692,Goldie,Pauly,Goldie.Pauly@yopmail.com,Goldie.Pauly@gmail.com,police officer,5.84
693,Rayna,Bethany,Rayna.Bethany@yopmail.com,Rayna.Bethany@gmail.com,firefighter,948.55
694,Elise,Birdella,Elise.Birdella@yopmail.com,Elise.Birdella@gmail.com,doctor,242.88
695,Jenda,Carey,Jenda.Carey@yopmail.com,Jenda.Carey@gmail.com,developer,26.73
696,Sean,Rogerio,Sean.Rogerio@yopmail.com,Sean.Rogerio@gmail.com,police officer,57.46
697,Fanny,Goldina,Fanny.Goldina@yopmail.com,Fanny.Goldina@gmail.com,firefighter,960.44
698,Corly,Grosz,Corly.Grosz@yopmail.com,Corly.Grosz@gmail.com,firefighter,707.41
699,Arabel,Miru,Arabel.Miru@yopmail.com,Arabel.Miru@gmail.com,firefighter,400.72
700,Edith,Bari,Edith.Bari@yopmail.com,Edith.Bari@gmail.com,firefighter,488.65
701,Emelina,Orpah,Emelina.Orpah@yopmail.com,Emelina.Orpah@gmail.com,police officer,240.35
702,Ann-Marie,Agle,Ann-Marie.Agle@yopmail.com,Ann-Marie.Agle@gmail.com,doctor,959.95
703,Jennica,Stuart,Jennica.Stuart@yopmail.com,Jennica.Stuart@gmail.com,developer,509.96
704,Kary,Papageno,Kary.Papageno@yopmail.com,Kary.Papageno@gmail.com,firefighter,400.81
705,Merci,Sheedy,Merci.Sheedy@yopmail.com,Merci.Sheedy@gmail.com,doctor,49.57
706,Vanessa,Lanita,Vanessa.Lanita@yopmail.com,Vanessa.Lanita@gmail.com,police officer,931.68
707,Jsandye,Delila,Jsandye.Delila@yopmail.com,Jsandye.Delila@gmail.com,police officer,410.38
708,Consuela,Mata,Consuela.Mata@yopmail.com,Consuela.Mata@gmail.com,police officer,402.57
709,Veda,Wittie,Veda.Wittie@yopmail.com,Veda.Wittie@gmail.com,worker,913
710,Ingrid,Jacqui,Ingrid.Jacqui@yopmail.com,Ingrid.Jacqui@gmail.com,developer,285.03
711,Nicoli,Fabiola,Nicoli.Fabiola@yopmail.com,Nicoli.Fabiola@gmail.com,developer,119.08
712,Aili,Riordan,Aili.Riordan@yopmail.com,Aili.Riordan@gmail.com,police officer,117.83
713,Olivette,Halla,Olivette.Halla@yopmail.com,Olivette.Halla@gmail.com,doctor,390.82
714,Kara-Lynn,Eachern,Kara-Lynn.Eachern@yopmail.com,Kara-Lynn.Eachern@gmail.com,developer,148.95
715,Delilah,Kimmie,Delilah.Kimmie@yopmail.com,Delilah.Kimmie@gmail.com,police officer,294.03
716,Natka,Weinreb,Natka.Weinreb@yopmail.com,Natka.Weinreb@gmail.com,doctor,443.68
717,Blinni,Riva,Blinni.Riva@yopmail.com,Blinni.Riva@gmail.com,doctor,227.91
718,Katuscha,Artie,Katuscha.Artie@yopmail.com,Katuscha.Artie@gmail.com,worker,685.12
719,Hildegaard,Joseph,Hildegaard.Joseph@yopmail.com,Hildegaard.Joseph@gmail.com,police officer,927.82
720,Cristabel,Berne,Cristabel.Berne@yopmail.com,Cristabel.Berne@gmail.com,police officer,14.91
721,Benita,Bury,Benita.Bury@yopmail.com,Benita.Bury@gmail.com,developer,173.91
722,Kary,Pulsifer,Kary.Pulsifer@yopmail.com,Kary.Pulsifer@gmail.com,worker,641.39
723,Stacey,Narton,Stacey.Narton@yopmail.com,Stacey.Narton@gmail.com,doctor,284.15
724,Tori,Germann,Tori.Germann@yopmail.com,Tori.Germann@gmail.com,firefighter,259.88
725,Brena,Heisel,Brena.Heisel@yopmail.com,Brena.Heisel@gmail.com,police officer,53.85
726,Gwenneth,Kermit,Gwenneth.Kermit@yopmail.com,Gwenneth.Kermit@gmail.com,police officer,536.26
727,Pearline,Forrer,Pearline.Forrer@yopmail.com,Pearline.Forrer@gmail.com,worker,690.75
728,Nessie,Hanleigh,Nessie.Hanleigh@yopmail.com,Nessie.Hanleigh@gmail.com,worker,119.04
729,Justinn,Carbo,Justinn.Carbo@yopmail.com,Justinn.Carbo@gmail.com,developer,537.96
730,Yetty,Schroth,Yetty.Schroth@yopmail.com,Yetty.Schroth@gmail.com,firefighter,584.64
731,Rochette,Podvin,Rochette.Podvin@yopmail.com,Rochette.Podvin@gmail.com,firefighter,92.05
732,Yvonne,Levey,Yvonne.Levey@yopmail.com,Yvonne.Levey@gmail.com,worker,789.86
733,Marline,Douglass,Marline.Douglass@yopmail.com,Marline.Douglass@gmail.com,doctor,933.1
734,Judy,Juan,Judy.Juan@yopmail.com,Judy.Juan@gmail.com,firefighter,868.69
735,Marika,Bohlin,Marika.Bohlin@yopmail.com,Marika.Bohlin@gmail.com,worker,729.89
736,Aubrie,Estella,Aubrie.Estella@yopmail.com,Aubrie.Estella@gmail.com,police officer,443.17
737,Sharlene,Fennessy,Sharlene.Fennessy@yopmail.com,Sharlene.Fennessy@gmail.com,worker,848.25
738,Ernesta,Jotham,Ernesta.Jotham@yopmail.com,Ernesta.Jotham@gmail.com,worker,849.24
739,Mariele,Autrey,Mariele.Autrey@yopmail.com,Mariele.Autrey@gmail.com,firefighter,120.03
740,Adore,Calhoun,Adore.Calhoun@yopmail.com,Adore.Calhoun@gmail.com,developer,564.48
741,Blinni,Payson,Blinni.Payson@yopmail.com,Blinni.Payson@gmail.com,doctor,911.23
742,Constance,Vary,Constance.Vary@yopmail.com,Constance.Vary@gmail.com,firefighter,948.19
743,Alleen,Sherfield,Alleen.Sherfield@yopmail.com,Alleen.Sherfield@gmail.com,worker,24.24
744,Concettina,Eldrid,Concettina.Eldrid@yopmail.com,Concettina.Eldrid@gmail.com,police officer,357.72
745,Jacquetta,Marlie,Jacquetta.Marlie@yopmail.com,Jacquetta.Marlie@gmail.com,developer,527.85
746,Eadie,Ophelia,Eadie.Ophelia@yopmail.com,Eadie.Ophelia@gmail.com,firefighter,175.98
747,Myriam,Whittaker,Myriam.Whittaker@yopmail.com,Myriam.Whittaker@gmail.com,doctor,818.57
748,Myriam,Malina,Myriam.Malina@yopmail.com,Myriam.Malina@gmail.com,firefighter,871.68
749,Lulita,Woodberry,Lulita.Woodberry@yopmail.com,Lulita.Woodberry@gmail.com,doctor,196.24
750,Annice,Sperling,Annice.Sperling@yopmail.com,Annice.Sperling@gmail.com,doctor,176.15
751,Shauna,Bari,Shauna.Bari@yopmail.com,Shauna.Bari@gmail.com,worker,28.32
752,Carly,Gahl,Carly.Gahl@yopmail.com,Carly.Gahl@gmail.com,doctor,365.05
753,Cyndie,Marlie,Cyndie.Marlie@yopmail.com,Cyndie.Marlie@gmail.com,worker,354.67
754,Quintina,Arvo,Quintina.Arvo@yopmail.com,Quintina.Arvo@gmail.com,doctor,80.11
755,Deirdre,Fontana,Deirdre.Fontana@yopmail.com,Deirdre.Fontana@gmail.com,firefighter,571.44
756,Kellen,Leary,Kellen.Leary@yopmail.com,Kellen.Leary@gmail.com,police officer,146.18
757,Kamilah,Duwalt,Kamilah.Duwalt@yopmail.com,Kamilah.Duwalt@gmail.com,firefighter,62.09
758,Odessa,Lia,Odessa.Lia@yopmail.com,Odessa.Lia@gmail.com,doctor,730.99
759,Cherilyn,Armanda,Cherilyn.Armanda@yopmail.com,Cherilyn.Armanda@gmail.com,worker,194.19
760,Sonni,Dituri,Sonni.Dituri@yopmail.com,Sonni.Dituri@gmail.com,doctor,564.91
761,Chere,Aprile,Chere.Aprile@yopmail.com,Chere.Aprile@gmail.com,firefighter,138.1
762,Cassandra,Cristi,Cassandra.Cristi@yopmail.com,Cassandra.Cristi@gmail.com,doctor,667.12
763,Claresta,Vary,Claresta.Vary@yopmail.com,Claresta.Vary@gmail.com,developer,801.79
764,Bernardine,Wyn,Bernardine.Wyn@yopmail.com,Bernardine.Wyn@gmail.com,developer,457.96
765,Philis,Hull,Philis.Hull@yopmail.com,Philis.Hull@gmail.com,police officer,934.46
766,Ana,Johnsson,Ana.Johnsson@yopmail.com,Ana.Johnsson@gmail.com,developer,557.69
767,Wanda,Alrich,Wanda.Alrich@yopmail.com,Wanda.Alrich@gmail.com,firefighter,653.03
768,Ingrid,Colp,Ingrid.Colp@yopmail.com,Ingrid.Colp@gmail.com,firefighter,569.36
769,Cyndie,Sophronia,Cyndie.Sophronia@yopmail.com,Cyndie.Sophronia@gmail.com,worker,57.73
770,Mariann,Radu,Mariann.Radu@yopmail.com,Mariann.Radu@gmail.com,worker,811.76
771,Lucy,Ranjiv,Lucy.Ranjiv@yopmail.com,Lucy.Ranjiv@gmail.com,developer,157.17
772,Coral,Phyllis,Coral.Phyllis@yopmail.com,Coral.Phyllis@gmail.com,firefighter,576.25
773,Ilse,Nikaniki,Ilse.Nikaniki@yopmail.com,Ilse.Nikaniki@gmail.com,police officer,940.56
774,Kathi,Daveta,Kathi.Daveta@yopmail.com,Kathi.Daveta@gmail.com,doctor,89.59
775,Dari,Kazimir,Dari.Kazimir@yopmail.com,Dari.Kazimir@gmail.com,firefighter,512.75
776,Annabela,Rese,Annabela.Rese@yopmail.com,Annabela.Rese@gmail.com,doctor,973.06
777,Alexine,Mehalek,Alexine.Mehalek@yopmail.com,Alexine.Mehalek@gmail.com,developer,311.59
778,Valera,Zuzana,Valera.Zuzana@yopmail.com,Valera.Zuzana@gmail.com,developer,623.73
779,Augustine,Fleeta,Augustine.Fleeta@yopmail.com,Augustine.Fleeta@gmail.com,developer,654.26
780,Adriana,Concha,Adriana.Concha@yopmail.com,Adriana.Concha@gmail.com,developer,640.8
781,Katuscha,Horan,Katuscha.Horan@yopmail.com,Katuscha.Horan@gmail.com,doctor,249.28
782,Ottilie,Brotherson,Ottilie.Brotherson@yopmail.com,Ottilie.Brotherson@gmail.com,police officer,814.96
783,Tybie,Amand,Tybie.Amand@yopmail.com,Tybie.Amand@gmail.com,police officer,749.81
784,Carilyn,Olympium,Carilyn.Olympium@yopmail.com,Carilyn.Olympium@gmail.com,developer,377.3
785,Jerry,Arquit,Jerry.Arquit@yopmail.com,Jerry.Arquit@gmail.com,doctor,200.29
786,Suzette,Magdalen,Suzette.Magdalen@yopmail.com,Suzette.Magdalen@gmail.com,worker,702.9
787,Wynne,Haymes,Wynne.Haymes@yopmail.com,Wynne.Haymes@gmail.com,police officer,395.14
788,Gaylene,Means,Gaylene.Means@yopmail.com,Gaylene.Means@gmail.com,firefighter,504.43
789,Giustina,Melony,Giustina.Melony@yopmail.com,Giustina.Melony@gmail.com,police officer,651.65
790,Gavrielle,Ries,Gavrielle.Ries@yopmail.com,Gavrielle.Ries@gmail.com,police officer,684.36
791,Fred,Montgomery,Fred.Montgomery@yopmail.com,Fred.Montgomery@gmail.com,developer,421.96
792,Ana,Billye,Ana.Billye@yopmail.com,Ana.Billye@gmail.com,worker,537.99
793,Meg,Alfons,Meg.Alfons@yopmail.com,Meg.Alfons@gmail.com,police officer,945.73
794,Janis,Kat,Janis.Kat@yopmail.com,Janis.Kat@gmail.com,developer,378.04
795,Barbi,Taima,Barbi.Taima@yopmail.com,Barbi.Taima@gmail.com,firefighter,269.88
796,Sandie,Dimitris,Sandie.Dimitris@yopmail.com,Sandie.Dimitris@gmail.com,firefighter,544.88
797,Maye,Dash,Maye.Dash@yopmail.com,Maye.Dash@gmail.com,worker,508.67
798,Jordan,Halsey,Jordan.Halsey@yopmail.com,Jordan.Halsey@gmail.com,doctor,208.97
799,Marline,Knowling,Marline.Knowling@yopmail.com,Marline.Knowling@gmail.com,doctor,172.83
800,Lynde,Heidt,Lynde.Heidt@yopmail.com,Lynde.Heidt@gmail.com,worker,411.7
801,Gwenneth,Colp,Gwenneth.Colp@yopmail.com,Gwenneth.Colp@gmail.com,firefighter,364.9
802,Carree,Florina,Carree.Florina@yopmail.com,Carree.Florina@gmail.com,worker,187.24
803,Devina,Dash,Devina.Dash@yopmail.com,Devina.Dash@gmail.com,worker,637.91
804,Allis,Delp,Allis.Delp@yopmail.com,Allis.Delp@gmail.com,police officer,388.55
805,Winny,Dielu,Winny.Dielu@yopmail.com,Winny.Dielu@gmail.com,developer,263.8
806,Siana,Whiffen,Siana.Whiffen@yopmail.com,Siana.Whiffen@gmail.com,developer,729.53
807,Riannon,Millda,Riannon.Millda@yopmail.com,Riannon.Millda@gmail.com,worker,606.66
808,Ingrid,Vanni,Ingrid.Vanni@yopmail.com,Ingrid.Vanni@gmail.com,doctor,398.33
809,Rhoda,Kevon,Rhoda.Kevon@yopmail.com,Rhoda.Kevon@gmail.com,developer,688.7
810,Merle,Berne,Merle.Berne@yopmail.com,Merle.Berne@gmail.com,doctor,865.26
811,Deedee,Geffner,Deedee.Geffner@yopmail.com,Deedee.Geffner@gmail.com,developer,744.88
812,Viviene,Laverne,Viviene.Laverne@yopmail.com,Viviene.Laverne@gmail.com,doctor,100.84
813,Karlee,Auberbach,Karlee.Auberbach@yopmail.com,Karlee.Auberbach@gmail.com,firefighter,51.19
814,Cacilie,Stuart,Cacilie.Stuart@yopmail.com,Cacilie.Stuart@gmail.com,firefighter,793.4
815,Gretal,Wittie,Gretal.Wittie@yopmail.com,Gretal.Wittie@gmail.com,firefighter,735.91
816,Gusty,Karna,Gusty.Karna@yopmail.com,Gusty.Karna@gmail.com,firefighter,402.81
817,Ursulina,Monaco,Ursulina.Monaco@yopmail.com,Ursulina.Monaco@gmail.com,police officer,677.8
818,Quintina,Huggins,Quintina.Huggins@yopmail.com,Quintina.Huggins@gmail.com,doctor,801.64
819,Collen,Even,Collen.Even@yopmail.com,Collen.Even@gmail.com,firefighter,670.51
820,Gabi,Stuart,Gabi.Stuart@yopmail.com,Gabi.Stuart@gmail.com,worker,857.96
821,Winifred,Salvidor,Winifred.Salvidor@yopmail.com,Winifred.Salvidor@gmail.com,developer,554.2
822,Britni,Gordon,Britni.Gordon@yopmail.com,Britni.Gordon@gmail.com,firefighter,625.57
823,Dorthy,Auberbach,Dorthy.Auberbach@yopmail.com,Dorthy.Auberbach@gmail.com,police officer,513.76
824,Ariela,Natica,Ariela.Natica@yopmail.com,Ariela.Natica@gmail.com,police officer,151.51
825,Concettina,Sasnett,Concettina.Sasnett@yopmail.com,Concettina.Sasnett@gmail.com,developer,443
826,Clo,Lynn,Clo.Lynn@yopmail.com,Clo.Lynn@gmail.com,doctor,654
827,Katharina,Yerkovich,Katharina.Yerkovich@yopmail.com,Katharina.Yerkovich@gmail.com,doctor,821.98
828,Karly,Penelopa,Karly.Penelopa@yopmail.com,Karly.Penelopa@gmail.com,doctor,2.23
829,Mellicent,Karl,Mellicent.Karl@yopmail.com,Mellicent.Karl@gmail.com,doctor,781.48
830,Jackie,Ummersen,Jackie.Ummersen@yopmail.com,Jackie.Ummersen@gmail.com,firefighter,930.63
831,Angelique,Loring,Angelique.Loring@yopmail.com,Angelique.Loring@gmail.com,police officer,22.7
832,Heddie,Klotz,Heddie.Klotz@yopmail.com,Heddie.Klotz@gmail.com,doctor,150.89
833,Eugine,Norrie,Eugine.Norrie@yopmail.com,Eugine.Norrie@gmail.com,doctor,290.91
834,Queenie,Lareena,Queenie.Lareena@yopmail.com,Queenie.Lareena@gmail.com,police officer,837.73
835,Leontine,Zeeba,Leontine.Zeeba@yopmail.com,Leontine.Zeeba@gmail.com,developer,902.36
836,Minne,Rheingold,Minne.Rheingold@yopmail.com,Minne.Rheingold@gmail.com,firefighter,131.92
837,Margette,Bebe,Margette.Bebe@yopmail.com,Margette.Bebe@gmail.com,firefighter,220.47
838,Britte,Kinnard,Britte.Kinnard@yopmail.com,Britte.Kinnard@gmail.com,developer,603.73
839,Caryl,Lay,Caryl.Lay@yopmail.com,Caryl.Lay@gmail.com,developer,525.13
840,Edee,Bari,Edee.Bari@yopmail.com,Edee.Bari@gmail.com,developer,236.76
841,Gerianna,Gregrory,Gerianna.Gregrory@yopmail.com,Gerianna.Gregrory@gmail.com,worker,662.65
842,Kelly,Harriman,Kelly.Harriman@yopmail.com,Kelly.Harriman@gmail.com,worker,696.61
843,Jessy,Franza,Jessy.Franza@yopmail.com,Jessy.Franza@gmail.com,developer,362.84
844,Rozele,Vernier,Rozele.Vernier@yopmail.com,Rozele.Vernier@gmail.com,firefighter,12.49
845,Berget,Crudden,Berget.Crudden@yopmail.com,Berget.Crudden@gmail.com,doctor,777.67
846,Alex,Dom,Alex.Dom@yopmail.com,Alex.Dom@gmail.com,developer,356.55
847,Jenilee,Orelee,Jenilee.Orelee@yopmail.com,Jenilee.Orelee@gmail.com,firefighter,795.63
848,Eve,Weinreb,Eve.Weinreb@yopmail.com,Eve.Weinreb@gmail.com,doctor,239.03
849,Goldie,Lipson,Goldie.Lipson@yopmail.com,Goldie.Lipson@gmail.com,developer,625.12
850,Atlanta,Campball,Atlanta.Campball@yopmail.com,Atlanta.Campball@gmail.com,doctor,591.97
851,Amii,Abbot,Amii.Abbot@yopmail.com,Amii.Abbot@gmail.com,firefighter,949.96
852,Teddie,Zrike,Teddie.Zrike@yopmail.com,Teddie.Zrike@gmail.com,worker,390.34
853,Judy,Dosia,Judy.Dosia@yopmail.com,Judy.Dosia@gmail.com,worker,713.95
854,Chloris,Emmaline,Chloris.Emmaline@yopmail.com,Chloris.Emmaline@gmail.com,developer,568.93
855,Ilse,Sholley,Ilse.Sholley@yopmail.com,Ilse.Sholley@gmail.com,doctor,914.01
856,Cyb,Fadiman,Cyb.Fadiman@yopmail.com,Cyb.Fadiman@gmail.com,doctor,879.34
857,Ursulina,Gahl,Ursulina.Gahl@yopmail.com,Ursulina.Gahl@gmail.com,police officer,882.72
858,Catharine,Jobi,Catharine.Jobi@yopmail.com,Catharine.Jobi@gmail.com,firefighter,134.24
859,Malina,Wildermuth,Malina.Wildermuth@yopmail.com,Malina.Wildermuth@gmail.com,police officer,43.01
860,Gui,Slifka,Gui.Slifka@yopmail.com,Gui.Slifka@gmail.com,doctor,389.15
861,Kerrin,Markman,Kerrin.Markman@yopmail.com,Kerrin.Markman@gmail.com,doctor,979.39
862,Dennie,Saint,Dennie.Saint@yopmail.com,Dennie.Saint@gmail.com,developer,804.66
863,Bee,Mike,Bee.Mike@yopmail.com,Bee.Mike@gmail.com,police officer,562.56
864,Elbertina,Tjon,Elbertina.Tjon@yopmail.com,Elbertina.Tjon@gmail.com,worker,134.36
865,Meriel,Mike,Meriel.Mike@yopmail.com,Meriel.Mike@gmail.com,developer,691.76
866,Sonni,Nicoline,Sonni.Nicoline@yopmail.com,Sonni.Nicoline@gmail.com,police officer,275.48
867,Wilma,Roscoe,Wilma.Roscoe@yopmail.com,Wilma.Roscoe@gmail.com,police officer,739.49
868,Sashenka,Loeb,Sashenka.Loeb@yopmail.com,Sashenka.Loeb@gmail.com,firefighter,668.99
869,Charlena,Berriman,Charlena.Berriman@yopmail.com,Charlena.Berriman@gmail.com,firefighter,274.79
870,Joane,Erich,Joane.Erich@yopmail.com,Joane.Erich@gmail.com,developer,317.54
871,Dulcinea,Cohdwell,Dulcinea.Cohdwell@yopmail.com,Dulcinea.Cohdwell@gmail.com,developer,352.05
872,Lorie,Rodmann,Lorie.Rodmann@yopmail.com,Lorie.Rodmann@gmail.com,worker,874.71
873,Phylis,Astra,Phylis.Astra@yopmail.com,Phylis.Astra@gmail.com,police officer,811.12
874,Audrie,Mich,Audrie.Mich@yopmail.com,Audrie.Mich@gmail.com,doctor,34.7
875,Alameda,Graig,Alameda.Graig@yopmail.com,Alameda.Graig@gmail.com,worker,860.69
876,Elie,Bennie,Elie.Bennie@yopmail.com,Elie.Bennie@gmail.com,worker,422.31
877,Candy,Darrell,Candy.Darrell@yopmail.com,Candy.Darrell@gmail.com,worker,510.67
878,Aurore,Kronfeld,Aurore.Kronfeld@yopmail.com,Aurore.Kronfeld@gmail.com,doctor,917.07
879,Jennica,Izaak,Jennica.Izaak@yopmail.com,Jennica.Izaak@gmail.com,doctor,209.21
880,Berget,Joli,Berget.Joli@yopmail.com,Berget.Joli@gmail.com,police officer,639.2
881,Benita,Nunci,Benita.Nunci@yopmail.com,Benita.Nunci@gmail.com,police officer,355.84
882,Brandise,Kronfeld,Brandise.Kronfeld@yopmail.com,Brandise.Kronfeld@gmail.com,police officer,682.75
883,Juliane,Chem,Juliane.Chem@yopmail.com,Juliane.Chem@gmail.com,police officer,12.82
884,Arlena,Seessel,Arlena.Seessel@yopmail.com,Arlena.Seessel@gmail.com,firefighter,36.75
885,Eolanda,Croix,Eolanda.Croix@yopmail.com,Eolanda.Croix@gmail.com,doctor,671.55
886,Viki,Eiser,Viki.Eiser@yopmail.com,Viki.Eiser@gmail.com,developer,317
887,Marline,Knowling,Marline.Knowling@yopmail.com,Marline.Knowling@gmail.com,developer,273.3
888,Louella,Destinee,Louella.Destinee@yopmail.com,Louella.Destinee@gmail.com,worker,551.91
889,Cecile,Henebry,Cecile.Henebry@yopmail.com,Cecile.Henebry@gmail.com,worker,58.73
890,Lynea,Karna,Lynea.Karna@yopmail.com,Lynea.Karna@gmail.com,developer,638.96
891,Genovera,Vins,Genovera.Vins@yopmail.com,Genovera.Vins@gmail.com,developer,940.22
892,Abbie,Charmine,Abbie.Charmine@yopmail.com,Abbie.Charmine@gmail.com,police officer,429.5
893,Tobe,Cath,Tobe.Cath@yopmail.com,Tobe.Cath@gmail.com,firefighter,724.01
894,Christal,Sheng,Christal.Sheng@yopmail.com,Christal.Sheng@gmail.com,worker,254.8
895,Shirlee,Yerkovich,Shirlee.Yerkovich@yopmail.com,Shirlee.Yerkovich@gmail.com,doctor,789.23
896,Edith,Delp,Edith.Delp@yopmail.com,Edith.Delp@gmail.com,firefighter,500.29
897,Kary,Dyche,Kary.Dyche@yopmail.com,Kary.Dyche@gmail.com,police officer,488.05
898,Quintina,Giff,Quintina.Giff@yopmail.com,Quintina.Giff@gmail.com,developer,759.65
899,Elsie,Freddi,Elsie.Freddi@yopmail.com,Elsie.Freddi@gmail.com,firefighter,738.62
900,Jaclyn,Willie,Jaclyn.Willie@yopmail.com,Jaclyn.Willie@gmail.com,doctor,209.84
901,Doralynne,Truc,Doralynne.Truc@yopmail.com,Doralynne.Truc@gmail.com,police officer,221.6
902,Tami,Love,Tami.Love@yopmail.com,Tami.Love@gmail.com,worker,61.89
903,Merry,Zrike,Merry.Zrike@yopmail.com,Merry.Zrike@gmail.com,doctor,868.57
904,Charmaine,Olin,Charmaine.Olin@yopmail.com,Charmaine.Olin@gmail.com,worker,397.74
905,Talya,Harday,Talya.Harday@yopmail.com,Talya.Harday@gmail.com,developer,597.43
906,Lacie,Odysseus,Lacie.Odysseus@yopmail.com,Lacie.Odysseus@gmail.com,firefighter,722.47
907,Katleen,Loeb,Katleen.Loeb@yopmail.com,Katleen.Loeb@gmail.com,developer,359.19
908,Elvira,Michella,Elvira.Michella@yopmail.com,Elvira.Michella@gmail.com,firefighter,121.97
909,Merci,Miru,Merci.Miru@yopmail.com,Merci.Miru@gmail.com,police officer,590.25
910,Jaclyn,Goddard,Jaclyn.Goddard@yopmail.com,Jaclyn.Goddard@gmail.com,police officer,146.18
911,Jessamyn,Gunn,Jessamyn.Gunn@yopmail.com,Jessamyn.Gunn@gmail.com,worker,281.39
912,Jemie,Peg,Jemie.Peg@yopmail.com,Jemie.Peg@gmail.com,worker,552.99
913,Jillayne,Dermott,Jillayne.Dermott@yopmail.com,Jillayne.Dermott@gmail.com,doctor,23.58
914,Ofilia,Hanleigh,Ofilia.Hanleigh@yopmail.com,Ofilia.Hanleigh@gmail.com,developer,724.84
915,Adelle,Daniele,Adelle.Daniele@yopmail.com,Adelle.Daniele@gmail.com,worker,953.94
916,Camile,Kevon,Camile.Kevon@yopmail.com,Camile.Kevon@gmail.com,developer,522.38
917,Hayley,Pond,Hayley.Pond@yopmail.com,Hayley.Pond@gmail.com,firefighter,801.9
918,Emelina,Rogerio,Emelina.Rogerio@yopmail.com,Emelina.Rogerio@gmail.com,doctor,520.22
919,Pearline,Natica,Pearline.Natica@yopmail.com,Pearline.Natica@gmail.com,worker,245.03
920,Gloria,Bord,Gloria.Bord@yopmail.com,Gloria.Bord@gmail.com,firefighter,347.83
921,Glenda,Stanwood,Glenda.Stanwood@yopmail.com,Glenda.Stanwood@gmail.com,worker,777.97
922,Petronia,Danby,Petronia.Danby@yopmail.com,Petronia.Danby@gmail.com,developer,382.05
923,Mireielle,Woodberry,Mireielle.Woodberry@yopmail.com,Mireielle.Woodberry@gmail.com,police officer,268.18
924,Maryellen,Adalbert,Maryellen.Adalbert@yopmail.com,Maryellen.Adalbert@gmail.com,police officer,173.5
925,Ursulina,Sacken,Ursulina.Sacken@yopmail.com,Ursulina.Sacken@gmail.com,firefighter,298.62
926,Benita,Doig,Benita.Doig@yopmail.com,Benita.Doig@gmail.com,firefighter,740.33
927,Annabela,Kirstin,Annabela.Kirstin@yopmail.com,Annabela.Kirstin@gmail.com,firefighter,977.87
928,Zsa Zsa,Greenwald,Zsa Zsa.Greenwald@yopmail.com,Zsa Zsa.Greenwald@gmail.com,firefighter,120.31
929,Gabi,Codding,Gabi.Codding@yopmail.com,Gabi.Codding@gmail.com,police officer,886.18
930,Bernardine,Naor,Bernardine.Naor@yopmail.com,Bernardine.Naor@gmail.com,firefighter,682.13
931,Dennie,Harned,Dennie.Harned@yopmail.com,Dennie.Harned@gmail.com,doctor,147.93
932,Marinna,Dulciana,Marinna.Dulciana@yopmail.com,Marinna.Dulciana@gmail.com,doctor,43.73
933,Nyssa,Hebner,Nyssa.Hebner@yopmail.com,Nyssa.Hebner@gmail.com,worker,872.3
934,Regina,Wallis,Regina.Wallis@yopmail.com,Regina.Wallis@gmail.com,firefighter,943.76
935,Minda,Cassius,Minda.Cassius@yopmail.com,Minda.Cassius@gmail.com,developer,366.37
936,Henriette,Si,Henriette.Si@yopmail.com,Henriette.Si@gmail.com,doctor,926.38
937,Clarice,Terencio,Clarice.Terencio@yopmail.com,Clarice.Terencio@gmail.com,developer,941.16
938,Ashlee,Colleen,Ashlee.Colleen@yopmail.com,Ashlee.Colleen@gmail.com,firefighter,245.6
939,Jorry,Voletta,Jorry.Voletta@yopmail.com,Jorry.Voletta@gmail.com,developer,513.8
940,Devina,Belldas,Devina.Belldas@yopmail.com,Devina.Belldas@gmail.com,doctor,686.7
941,Roberta,Tillford,Roberta.Tillford@yopmail.com,Roberta.Tillford@gmail.com,firefighter,38.65
942,Veda,Durware,Veda.Durware@yopmail.com,Veda.Durware@gmail.com,firefighter,105.04
943,Merci,Nunci,Merci.Nunci@yopmail.com,Merci.Nunci@gmail.com,police officer,900.04
944,Joleen,Krystle,Joleen.Krystle@yopmail.com,Joleen.Krystle@gmail.com,firefighter,954.15
945,Regina,Dahlia,Regina.Dahlia@yopmail.com,Regina.Dahlia@gmail.com,doctor,758.2
946,Ermengarde,Krystle,Ermengarde.Krystle@yopmail.com,Ermengarde.Krystle@gmail.com,firefighter,493.07
947,Tina,Nisbet,Tina.Nisbet@yopmail.com,Tina.Nisbet@gmail.com,firefighter,381.36
948,Jessy,Bollay,Jessy.Bollay@yopmail.com,Jessy.Bollay@gmail.com,police officer,180.27
949,Damaris,Katrine,Damaris.Katrine@yopmail.com,Damaris.Katrine@gmail.com,developer,763.45
950,Jaclyn,Diann,Jaclyn.Diann@yopmail.com,Jaclyn.Diann@gmail.com,doctor,461.77
951,Jobi,Hollingsworth,Jobi.Hollingsworth@yopmail.com,Jobi.Hollingsworth@gmail.com,developer,144.21
952,Lizzie,Adrienne,Lizzie.Adrienne@yopmail.com,Lizzie.Adrienne@gmail.com,police officer,827.67
953,Pierette,Federica,Pierette.Federica@yopmail.com,Pierette.Federica@gmail.com,developer,371.8
954,Rayna,Merell,Rayna.Merell@yopmail.com,Rayna.Merell@gmail.com,developer,83.36
955,Teddie,Vivle,Teddie.Vivle@yopmail.com,Teddie.Vivle@gmail.com,worker,754.19
956,Alia,Krystle,Alia.Krystle@yopmail.com,Alia.Krystle@gmail.com,firefighter,603.49
957,Binny,Hamil,Binny.Hamil@yopmail.com,Binny.Hamil@gmail.com,police officer,543.66
958,Viviene,Durante,Viviene.Durante@yopmail.com,Viviene.Durante@gmail.com,worker,635.86
959,Bettine,Zuzana,Bettine.Zuzana@yopmail.com,Bettine.Zuzana@gmail.com,firefighter,334.62
960,Modestia,Lay,Modestia.Lay@yopmail.com,Modestia.Lay@gmail.com,firefighter,549.04
961,Amara,Peg,Amara.Peg@yopmail.com,Amara.Peg@gmail.com,developer,342.49
962,Allyce,Seumas,Allyce.Seumas@yopmail.com,Allyce.Seumas@gmail.com,developer,500.81
963,Gerianna,Hoban,Gerianna.Hoban@yopmail.com,Gerianna.Hoban@gmail.com,doctor,497.81
964,Lita,Fry,Lita.Fry@yopmail.com,Lita.Fry@gmail.com,worker,394.82
965,Layla,Gaal,Layla.Gaal@yopmail.com,Layla.Gaal@gmail.com,firefighter,335.78
966,Amii,Leffen,Amii.Leffen@yopmail.com,Amii.Leffen@gmail.com,developer,469.07
967,Nickie,Dulciana,Nickie.Dulciana@yopmail.com,Nickie.Dulciana@gmail.com,police officer,374.13
968,Ingrid,LaRue,Ingrid.LaRue@yopmail.com,Ingrid.LaRue@gmail.com,worker,338.46
969,Fawne,Lane,Fawne.Lane@yopmail.com,Fawne.Lane@gmail.com,police officer,469.85
970,Vinita,Durware,Vinita.Durware@yopmail.com,Vinita.Durware@gmail.com,police officer,618.93
971,Gabi,Lenny,Gabi.Lenny@yopmail.com,Gabi.Lenny@gmail.com,worker,602.33
972,Krystle,Hartnett,Krystle.Hartnett@yopmail.com,Krystle.Hartnett@gmail.com,doctor,121.92
973,Aeriela,Desai,Aeriela.Desai@yopmail.com,Aeriela.Desai@gmail.com,developer,53.11
974,Florencia,Simmonds,Florencia.Simmonds@yopmail.com,Florencia.Simmonds@gmail.com,doctor,552.51
975,Annaliese,Sikorski,Annaliese.Sikorski@yopmail.com,Annaliese.Sikorski@gmail.com,developer,754.75
976,Aimil,Ashely,Aimil.Ashely@yopmail.com,Aimil.Ashely@gmail.com,police officer,13.55
977,Lynnea,Gregrory,Lynnea.Gregrory@yopmail.com,Lynnea.Gregrory@gmail.com,doctor,878.27
978,Rhoda,Eno,Rhoda.Eno@yopmail.com,Rhoda.Eno@gmail.com,firefighter,875.12
979,Blondelle,Rurik,Blondelle.Rurik@yopmail.com,Blondelle.Rurik@gmail.com,worker,912.38
980,Marsiella,Natalia,Marsiella.Natalia@yopmail.com,Marsiella.Natalia@gmail.com,firefighter,806.16
981,Rozele,Kesley,Rozele.Kesley@yopmail.com,Rozele.Kesley@gmail.com,firefighter,15.41
982,Lolita,Bethany,Lolita.Bethany@yopmail.com,Lolita.Bethany@gmail.com,worker,75.08
983,Berget,Land,Berget.Land@yopmail.com,Berget.Land@gmail.com,developer,963.46
984,Bibby,Lenny,Bibby.Lenny@yopmail.com,Bibby.Lenny@gmail.com,worker,38.22
985,Vonny,Romelda,Vonny.Romelda@yopmail.com,Vonny.Romelda@gmail.com,developer,489.59
986,Ardenia,Gaspard,Ardenia.Gaspard@yopmail.com,Ardenia.Gaspard@gmail.com,developer,496.13
987,Brynna,Jethro,Brynna.Jethro@yopmail.com,Brynna.Jethro@gmail.com,developer,863.13
988,Paola,Masao,Paola.Masao@yopmail.com,Paola.Masao@gmail.com,worker,323.06
989,Meghann,Denis,Meghann.Denis@yopmail.com,Meghann.Denis@gmail.com,developer,562.77
990,Imojean,Bonucci,Imojean.Bonucci@yopmail.com,Imojean.Bonucci@gmail.com,worker,142.71
991,Cyb,Roumell,Cyb.Roumell@yopmail.com,Cyb.Roumell@gmail.com,doctor,433.24
992,Joy,Lutero,Joy.Lutero@yopmail.com,Joy.Lutero@gmail.com,doctor,500.13
993,Angela,Ralfston,Angela.Ralfston@yopmail.com,Angela.Ralfston@gmail.com,doctor,329.43
994,Linet,Lory,Linet.Lory@yopmail.com,Linet.Lory@gmail.com,developer,86.15
995,Nessie,Belldas,Nessie.Belldas@yopmail.com,Nessie.Belldas@gmail.com,doctor,49.75
996,Ingrid,Cecile,Ingrid.Cecile@yopmail.com,Ingrid.Cecile@gmail.com,worker,164.66
997,Elora,Halla,Elora.Halla@yopmail.com,Elora.Halla@gmail.com,worker,33.54
998,Carilyn,Papageno,Carilyn.Papageno@yopmail.com,Carilyn.Papageno@gmail.com,developer,130.51
999,Florie,Katrine,Florie.Katrine@yopmail.com,Florie.Katrine@gmail.com,developer,673.42
1000,Natka,Friede,Natka.Friede@yopmail.com,Natka.Friede@gmail.com,developer,902.95
1001,Janenna,Billye,Janenna.Billye@yopmail.com,Janenna.Billye@gmail.com,worker,383.68
1002,Christy,Tiffa,Christy.Tiffa@yopmail.com,Christy.Tiffa@gmail.com,firefighter,715.77
1003,Tybie,Dahlia,Tybie.Dahlia@yopmail.com,Tybie.Dahlia@gmail.com,firefighter,722.3
1004,Mary,Callista,Mary.Callista@yopmail.com,Mary.Callista@gmail.com,firefighter,366.75
1005,Kaja,Isacco,Kaja.Isacco@yopmail.com,Kaja.Isacco@gmail.com,doctor,604.56
1006,Priscilla,Fancie,Priscilla.Fancie@yopmail.com,Priscilla.Fancie@gmail.com,worker,634.7
1007,Louella,Adrienne,Louella.Adrienne@yopmail.com,Louella.Adrienne@gmail.com,developer,592.19
1008,Cristabel,Randene,Cristabel.Randene@yopmail.com,Cristabel.Randene@gmail.com,worker,437.6
1009,Lila,Connelly,Lila.Connelly@yopmail.com,Lila.Connelly@gmail.com,doctor,791.99
1010,Phylis,Bobbee,Phylis.Bobbee@yopmail.com,Phylis.Bobbee@gmail.com,police officer,556.06
1011,Annabela,Verger,Annabela.Verger@yopmail.com,Annabela.Verger@gmail.com,developer,786.36
1012,Ann-Marie,Merriott,Ann-Marie.Merriott@yopmail.com,Ann-Marie.Merriott@gmail.com,worker,535.34
1013,Clo,Mott,Clo.Mott@yopmail.com,Clo.Mott@gmail.com,developer,902.13
1014,Margarette,Ursulette,Margarette.Ursulette@yopmail.com,Margarette.Ursulette@gmail.com,police officer,866.47
1015,Elsie,Catie,Elsie.Catie@yopmail.com,Elsie.Catie@gmail.com,doctor,725.27
1016,Natka,Seessel,Natka.Seessel@yopmail.com,Natka.Seessel@gmail.com,firefighter,764.43
1017,Sadie,Baylor,Sadie.Baylor@yopmail.com,Sadie.Baylor@gmail.com,worker,408.37
1018,Tina,Shelba,Tina.Shelba@yopmail.com,Tina.Shelba@gmail.com,worker,288.53
1019,Ingrid,Brian,Ingrid.Brian@yopmail.com,Ingrid.Brian@gmail.com,firefighter,232.52
1020,Darci,Bow,Darci.Bow@yopmail.com,Darci.Bow@gmail.com,firefighter,983.05
1021,Silvana,Marisa,Silvana.Marisa@yopmail.com,Silvana.Marisa@gmail.com,worker,968.83
1022,Audrie,Amadas,Audrie.Amadas@yopmail.com,Audrie.Amadas@gmail.com,police officer,168.99
1023,Starla,Francene,Starla.Francene@yopmail.com,Starla.Francene@gmail.com,doctor,51.98
1024,Paulita,Kathie,Paulita.Kathie@yopmail.com,Paulita.Kathie@gmail.com,firefighter,44.06
1025,Stevana,Han,Stevana.Han@yopmail.com,Stevana.Han@gmail.com,doctor,373.12
1026,Linet,Fennessy,Linet.Fennessy@yopmail.com,Linet.Fennessy@gmail.com,police officer,498.79
1027,Oralee,Flyn,Oralee.Flyn@yopmail.com,Oralee.Flyn@gmail.com,developer,551.09
1028,Theodora,Darian,Theodora.Darian@yopmail.com,Theodora.Darian@gmail.com,worker,241.42
1029,Gusella,Neva,Gusella.Neva@yopmail.com,Gusella.Neva@gmail.com,firefighter,368.85
1030,Gabi,Hachmin,Gabi.Hachmin@yopmail.com,Gabi.Hachmin@gmail.com,firefighter,834.62
1031,Linzy,Sabella,Linzy.Sabella@yopmail.com,Linzy.Sabella@gmail.com,worker,52.51
1032,Oralee,Cecile,Oralee.Cecile@yopmail.com,Oralee.Cecile@gmail.com,worker,563.1
1033,Ginnie,Shaddock,Ginnie.Shaddock@yopmail.com,Ginnie.Shaddock@gmail.com,firefighter,749.35
1034,Drucie,Joachim,Drucie.Joachim@yopmail.com,Drucie.Joachim@gmail.com,worker,441.73
1035,Adriana,An,Adriana.An@yopmail.com,Adriana.An@gmail.com,developer,75.7
1036,Bettine,Demitria,Bettine.Demitria@yopmail.com,Bettine.Demitria@gmail.com,firefighter,338.49
1037,Bobinette,Anselmi,Bobinette.Anselmi@yopmail.com,Bobinette.Anselmi@gmail.com,worker,529.7
1038,Codie,Stefa,Codie.Stefa@yopmail.com,Codie.Stefa@gmail.com,worker,51.6
1039,Tybie,Greenwald,Tybie.Greenwald@yopmail.com,Tybie.Greenwald@gmail.com,developer,774.21
1040,Shauna,Ajay,Shauna.Ajay@yopmail.com,Shauna.Ajay@gmail.com,police officer,990.95
1041,Benita,Loleta,Benita.Loleta@yopmail.com,Benita.Loleta@gmail.com,worker,5.4
1042,Shauna,Dielu,Shauna.Dielu@yopmail.com,Shauna.Dielu@gmail.com,developer,339.68
1043,Ariela,Kannry,Ariela.Kannry@yopmail.com,Ariela.Kannry@gmail.com,worker,687.57
1044,Lesly,Janith,Lesly.Janith@yopmail.com,Lesly.Janith@gmail.com,worker,943.26
1045,Lacie,Anderea,Lacie.Anderea@yopmail.com,Lacie.Anderea@gmail.com,developer,281.4
1046,Georgetta,Reidar,Georgetta.Reidar@yopmail.com,Georgetta.Reidar@gmail.com,doctor,38.4
1047,Kore,Jacobah,Kore.Jacobah@yopmail.com,Kore.Jacobah@gmail.com,police officer,640.02
1048,Eadie,Izaak,Eadie.Izaak@yopmail.com,Eadie.Izaak@gmail.com,police officer,101.84
1049,Mathilda,Autrey,Mathilda.Autrey@yopmail.com,Mathilda.Autrey@gmail.com,developer,789.33
1050,Nerta,LaRue,Nerta.LaRue@yopmail.com,Nerta.LaRue@gmail.com,worker,696.94
1051,Nonnah,Shuler,Nonnah.Shuler@yopmail.com,Nonnah.Shuler@gmail.com,worker,770.24
1052,Marika,Tristram,Marika.Tristram@yopmail.com,Marika.Tristram@gmail.com,developer,643.13
1053,Tierney,Carmena,Tierney.Carmena@yopmail.com,Tierney.Carmena@gmail.com,worker,194.89
1054,Lusa,Hieronymus,Lusa.Hieronymus@yopmail.com,Lusa.Hieronymus@gmail.com,firefighter,48.08
1055,Drucie,Germann,Drucie.Germann@yopmail.com,Drucie.Germann@gmail.com,doctor,138.14
1056,Daphne,Kosey,Daphne.Kosey@yopmail.com,Daphne.Kosey@gmail.com,worker,36.14
1057,Gianina,Ellord,Gianina.Ellord@yopmail.com,Gianina.Ellord@gmail.com,firefighter,152.34
1058,Sheree,Libna,Sheree.Libna@yopmail.com,Sheree.Libna@gmail.com,developer,191.95
1059,Leia,Morrill,Leia.Morrill@yopmail.com,Leia.Morrill@gmail.com,police officer,995.41
1060,Jackie,Monaco,Jackie.Monaco@yopmail.com,Jackie.Monaco@gmail.com,doctor,339.51
1061,Talya,Hieronymus,Talya.Hieronymus@yopmail.com,Talya.Hieronymus@gmail.com,worker,971.48
1062,Gerianna,Bibi,Gerianna.Bibi@yopmail.com,Gerianna.Bibi@gmail.com,developer,617.66
1063,Ernesta,Thilda,Ernesta.Thilda@yopmail.com,Ernesta.Thilda@gmail.com,police officer,208.14
1064,Dulcinea,Ries,Dulcinea.Ries@yopmail.com,Dulcinea.Ries@gmail.com,developer,297.36
1065,Ricky,Sholley,Ricky.Sholley@yopmail.com,Ricky.Sholley@gmail.com,police officer,462.42
1066,Iseabal,Bury,Iseabal.Bury@yopmail.com,Iseabal.Bury@gmail.com,doctor,100.45
1067,Hannis,Dudley,Hannis.Dudley@yopmail.com,Hannis.Dudley@gmail.com,firefighter,672.19
1068,Benita,Ciro,Benita.Ciro@yopmail.com,Benita.Ciro@gmail.com,developer,176.62
1069,Meriel,Raimondo,Meriel.Raimondo@yopmail.com,Meriel.Raimondo@gmail.com,firefighter,494.44
1070,Chandra,Deegan,Chandra.Deegan@yopmail.com,Chandra.Deegan@gmail.com,doctor,68.47
1071,Sidoney,Luhe,Sidoney.Luhe@yopmail.com,Sidoney.Luhe@gmail.com,police officer,71.15
1072,Kylynn,Dorcy,Kylynn.Dorcy@yopmail.com,Kylynn.Dorcy@gmail.com,doctor,16.72
1073,Emmey,Iiette,Emmey.Iiette@yopmail.com,Emmey.Iiette@gmail.com,doctor,761.36
1074,Ariela,Hirsch,Ariela.Hirsch@yopmail.com,Ariela.Hirsch@gmail.com,developer,900.45
1075,Mignon,Cookie,Mignon.Cookie@yopmail.com,Mignon.Cookie@gmail.com,doctor,345.66
1076,Elise,Pip,Elise.Pip@yopmail.com,Elise.Pip@gmail.com,police officer,346.8
1077,Kristina,Thema,Kristina.Thema@yopmail.com,Kristina.Thema@gmail.com,developer,495.08
1078,Melanie,Corabella,Melanie.Corabella@yopmail.com,Melanie.Corabella@gmail.com,doctor,632.69
1079,Inga,Ellord,Inga.Ellord@yopmail.com,Inga.Ellord@gmail.com,doctor,629.26
1080,Lisette,Glovsky,Lisette.Glovsky@yopmail.com,Lisette.Glovsky@gmail.com,police officer,384.68
1081,Claudina,Ovid,Claudina.Ovid@yopmail.com,Claudina.Ovid@gmail.com,worker,408.78
1082,Joleen,Johanna,Joleen.Johanna@yopmail.com,Joleen.Johanna@gmail.com,doctor,791.96
1083,Gisela,Afton,Gisela.Afton@yopmail.com,Gisela.Afton@gmail.com,doctor,826.74
1084,Jessamyn,Rogerio,Jessamyn.Rogerio@yopmail.com,Jessamyn.Rogerio@gmail.com,firefighter,628.68
1085,Cacilie,Norrie,Cacilie.Norrie@yopmail.com,Cacilie.Norrie@gmail.com,firefighter,277.23
1086,Henriette,Heisel,Henriette.Heisel@yopmail.com,Henriette.Heisel@gmail.com,doctor,56.86
1087,Sarette,Old,Sarette.Old@yopmail.com,Sarette.Old@gmail.com,police officer,486.18
1088,Mary,Hazlett,Mary.Hazlett@yopmail.com,Mary.Hazlett@gmail.com,worker,472.11
1089,Barbara,Norvol,Barbara.Norvol@yopmail.com,Barbara.Norvol@gmail.com,firefighter,367.13
1090,Sindee,Salchunas,Sindee.Salchunas@yopmail.com,Sindee.Salchunas@gmail.com,developer,428.82
1091,Justinn,Maxi,Justinn.Maxi@yopmail.com,Justinn.Maxi@gmail.com,developer,582.39
1092,Phedra,Westphal,Phedra.Westphal@yopmail.com,Phedra.Westphal@gmail.com,worker,530.83
1093,Audrie,Lia,Audrie.Lia@yopmail.com,Audrie.Lia@gmail.com,developer,815.35
1094,Eugine,Merell,Eugine.Merell@yopmail.com,Eugine.Merell@gmail.com,police officer,540.13
1095,Adore,Ursulette,Adore.Ursulette@yopmail.com,Adore.Ursulette@gmail.com,developer,502.34
1096,Cissiee,Hylan,Cissiee.Hylan@yopmail.com,Cissiee.Hylan@gmail.com,doctor,779.24
1097,Averyl,Amethist,Averyl.Amethist@yopmail.com,Averyl.Amethist@gmail.com,police officer,289.22
1098,Winny,Loleta,Winny.Loleta@yopmail.com,Winny.Loleta@gmail.com,developer,35.1
1099,Heida,Bronk,Heida.Bronk@yopmail.com,Heida.Bronk@gmail.com,doctor,538.17